359,224,97,459,535,384,529,168,27,137,268,134,527,404,103,33,85,22,395,377,127,38,547,569,309,449,209,56,445,36,519,447,295,34,223,484,595,244,370,409,522,136,525,555,145,212,140,28,80,381,278,455,98,141,562,523,261,303,176,260,198,187,293,311,89,147,360,130,151,481,243,584,44,369,373,603,308,69,368,509,546,156,476,504,194,230,442,541,491,536,257,342,441,451,588,184,81,552,177,109,317,65,437,421,204,118,131,571,235,470,496,597,492,351,77,614,330,269,407,493,581,388,60,4,465
0,13385,22537,21254,15726,13406,14771,12393,13182,21281,15619,12521,15014,22357,20844,27731,11730,20796,3418,15218,14658,18148,15313,17086,5762,25513,7432,20759,17896,11486,15145,17727,23538,19739,7209,20059,16311,26171,7352,22030,15680,16543,14442,14175,13710,7669,13096,5985,26560,9953,25646,26078,14101,18518,22910,24114,7016,5989,27181,8684,23049,8757,24784,23146,20519,22335,1358,13233,21236,20152,16536,16334,12205,11294,12702,13216,10487,14684,8214,25282,17897,9793,27015,19418,21491,7415,18159,22060,26104,15335,11459,2741,26620,21880,25120,11813,26017,13769,9978,26230,6163,14141,18783,20126,23737,13832,13068,22796,7173,16772,19966,18288,25414,8105,14872,17090,21820,6187,21555,25862,20222,14143,18081,19116,21193
13378,0,10374,11006,12370,9077,16138,3639,4427,9118,5251,5902,17033,22259,8682,15568,10540,8633,15683,7766,2833,6767,12967,6838,15921,13534,14955,8596,17389,12010,16422,16748,13170,18466,15877,9811,7420,14845,9851,22344,17345,4380,15809,15542,2937,12308,4341,11423,14397,10093,15278,14146,5589,6355,11271,12475,15869,8108,15018,5454,10886,12094,14416,12778,8356,10172,12065,4478,9073,9905,6168,6547,15090,9306,8258,11399,4779,6949,9262,13642,10099,12049,15375,9170,9773,11131,18596,10115,14465,13054,3630,11522,14688,11632,13481,3151,13854,14847,13889,14067,7716,9073,19829,20440,11574,5077,5119,11156,12855,17198,9718,6907,13775,8497,4420,5710,11452,12741,21228,14223,8842,8848,6701,8555,10945
22249,10568,0,12401,18202,15066,22054,11016,10984,2554,8868,13139,22994,27813,1987,6377,17504,2506,24554,13244,8613,5931,18803,9441,23426,9930,22109,3533,22943,18935,22029,22302,6550,24020,23031,11971,12802,6545,19125,27898,23713,6259,21704,22060,8868,19555,10320,19934,5206,17921,7037,8693,11568,4842,4565,5798,23117,16980,6223,14325,3380,19248,6845,6873,2380,1629,20936,10457,2864,12064,7978,11242,22015,16467,15079,18323,13850,12963,18536,6758,15002,19203,7896,10564,3440,18379,24150,6254,7198,18879,12923,20393,9412,13677,4717,11089,4663,21364,21043,4565,16587,15798,25383,25994,3601,10861,12013,4480,20102,22805,11112,7086,6891,17770,9667,7850,7080,20320,26782,6957,6115,14526,6281,6702,12578
21089,11101,13017,0,13217,18438,17069,9981,9824,12048,13717,11433,18009,22828,11324,18211,13895,11588,23394,17616,8600,7532,13818,4814,21736,11873,19809,9766,17959,15326,17044,17317,17202,19035,20731,3384,7817,18076,18852,22913,18728,9411,16719,17097,9079,17865,9160,18247,17040,19093,18568,10157,9145,10550,11382,9947,20950,15819,18249,13165,14443,16948,18376,17525,10999,13160,19776,9297,12439,3104,13061,6257,18074,18306,17618,13752,13780,9595,18263,10298,10018,16903,11682,2378,13329,16693,19165,10827,10987,13895,13157,19233,10875,2246,13422,9928,16497,16402,18743,16710,15427,12189,20398,21009,15131,8633,10055,11563,18412,17820,2456,6263,9527,17497,8335,6594,17238,18634,21798,10425,6960,18209,7887,12621,1974
15578,11916,18220,12868,0,17790,4140,9529,8240,17073,15290,7971,5080,10006,16528,23414,6573,16587,18025,18099,10084,12694,955,8749,12815,19956,10073,15442,5136,5497,4115,4495,21543,6213,10061,11456,5348,22799,16693,10091,5799,12334,3790,4476,9594,9615,8858,11583,22243,18446,23291,20373,7551,14309,17354,18557,11204,12589,22972,11093,18840,8960,22767,21867,16202,18126,14639,8387,17027,11588,14685,7192,6183,17659,16971,5353,13132,6048,17555,19725,3639,7663,21458,11032,17727,11030,6343,16504,20547,748,12510,13556,21063,13316,19563,9384,21700,3605,8159,21913,12884,7554,7576,8186,19529,7978,7032,17239,9350,4891,11580,11905,19744,16850,9473,10921,21491,10944,8975,20306,13306,17561,12627,16509,12807
13400,8224,14511,17895,17766,0,21417,9034,9823,13191,6974,11151,22311,27655,13624,19792,15782,13253,15846,2431,10692,13687,18363,13727,16162,19414,16967,13774,22785,17252,21818,22144,12585,23862,17505,16700,12952,15218,6456,27740,22624,11241,21088,20821,9991,14553,9737,12869,18384,4154,14693,20026,10984,11008,16886,18120,17371,11693,16882,9038,12894,15641,13831,12193,13479,13433,12297,9874,12577,16793,7808,12975,20160,2336,1198,16641,5848,12345,5455,19079,15560,16677,20812,16058,11858,14174,23992,15995,19901,18449,6216,11366,20568,18521,18767,8454,17877,20125,17398,17470,11300,14407,25225,25835,13138,10472,10515,16801,14057,22594,16606,14332,19212,5781,11474,13166,10867,13071,26624,19660,15588,1074,13620,10201,17834
14758,15978,22282,16930,4097,21736,0,13591,12302,21135,19351,10872,1398,8513,20590,27476,6691,20649,17205,22161,14146,16756,4496,12811,11995,24018,9253,19504,4208,5208,989,4039,25605,6135,9241,15518,9410,26861,15873,8186,2370,16396,612,1155,13656,8795,12920,10763,26305,18474,27353,24435,11613,18371,21416,22619,10384,13869,27034,14724,22902,8140,26829,25929,20264,22188,13819,12449,21089,15650,18747,11254,4979,19815,20916,5471,17078,10110,16735,23787,7395,6843,25520,15094,21789,10757,4315,20565,24609,3892,16455,12736,25125,17378,23625,13446,25762,1752,7339,25975,14516,8892,4939,6282,23591,12040,11094,21301,8530,2907,15642,15967,23806,16626,13535,14983,25552,10124,7867,24368,17368,21507,16689,20571,16869
12794,3816,10542,9192,9345,10144,13385,0,1697,9287,7484,3853,14280,19234,8850,15737,8217,8801,15099,9999,2652,6085,9942,5024,14140,13450,12822,8764,14364,9648,13397,13723,13757,15441,13744,7996,4248,15013,10557,19319,14592,4548,13056,12790,1804,10269,1033,10647,14565,10799,15505,14016,2281,6523,10848,12051,13830,7525,15186,4871,11054,9961,14981,14081,8524,10340,11482,1170,9241,8090,6899,4272,12728,10012,9324,9037,5486,3677,9968,13219,6881,9917,14952,7355,9941,9093,15571,9997,14041,10028,4863,10938,14557,9817,13057,1634,14022,12094,11757,14235,7132,6511,16804,17414,11743,1769,2726,10733,10815,14173,7903,6225,13352,9203,2810,5028,13685,11033,18203,13800,8159,9915,6018,8723,9130
12607,4357,11182,9831,8457,10353,12225,1970,0,9926,8026,2347,13119,18346,9489,16376,6888,9441,15053,10541,3292,6724,9054,5663,12634,14090,11302,9403,13476,8355,12509,12835,14397,14553,12224,8636,3944,15652,10767,18431,13432,5187,11896,11629,2447,8763,1672,9142,15205,11009,16145,14655,1343,7162,11487,12691,12325,6875,15825,5080,11694,8442,15620,14720,9163,10979,11668,1167,9880,8729,7538,4517,11435,10222,9533,7744,5695,2739,10178,13858,6210,8397,15591,7994,10580,7588,14683,10637,14681,9140,5072,10573,15197,10457,13697,1825,14661,10933,10237,14875,7170,5160,15916,16526,12382,2116,1206,11372,9310,13285,8542,6865,13991,9412,3449,5667,14227,9528,17315,14439,8799,10124,6658,9362,9770
20979,9298,2769,11629,17325,13554,21272,9746,9714,0,7406,11869,22212,27031,1023,8014,16234,854,23284,11732,7343,5149,17922,8659,22156,9158,20839,2761,22161,17664,21247,21520,6667,23238,21761,11189,11951,6993,17663,27116,22609,5410,20922,20806,7597,18285,9050,18663,6842,16409,7485,8342,10297,3380,4213,5447,21847,15709,7166,13055,3260,17978,7293,6991,1658,1837,19666,9187,986,11282,6516,10460,20744,14955,13566,17053,12388,11693,17074,6407,14220,17933,8140,9792,2672,17109,23368,5481,7229,18008,11461,19123,9061,12905,6089,9819,6299,20110,19773,6305,15317,14528,24601,25212,3949,9644,10742,4129,18832,22023,10340,6314,6540,16308,8855,7068,6785,19050,26000,6988,5342,13014,5499,5240,11805
15585,5021,9045,13211,15387,7361,19464,7117,7776,7351,0,9380,20358,25276,7353,14239,14018,7026,18031,5539,5405,7474,15984,9231,18347,12961,18425,7321,20406,15488,19439,19765,8525,21483,19173,12015,10013,11158,10809,25361,20671,5392,19114,18868,5659,15477,7112,14096,13068,10107,10633,13573,8359,4555,10433,11667,19039,10781,12435,8127,8132,15565,9771,8132,7027,7968,14482,7249,7112,12109,1438,8939,18568,8654,7265,14877,5535,9755,10220,12627,12693,15528,14360,11374,6393,13938,21613,9542,13449,16070,4608,13551,14115,13836,12314,6612,12525,18172,17368,12514,10389,12552,22846,23457,8752,7706,8598,10349,16024,20215,11922,8483,12760,9455,6917,7317,6807,15256,24245,13207,9135,6821,7648,4018,13149
12065,5752,13253,11706,8211,11534,10397,3365,2572,11997,9421,0,11291,18100,11560,18447,4762,11512,14511,11936,5363,8796,8808,7538,10418,16161,9177,11475,13230,6232,11112,12589,16468,14307,10099,10482,4712,17724,11948,18185,11604,7258,10068,9801,4519,6547,3744,7259,17276,12190,18216,16726,3310,9234,13558,14762,10108,6333,17897,4837,13765,6316,17692,16791,11235,13051,11126,3238,11951,10604,9609,6218,9312,11403,10715,5621,6876,2894,11359,15930,6017,6271,17663,9870,12651,5594,14437,12708,16752,8894,6254,10031,17268,12332,15768,3220,16733,9105,8111,16946,6628,3387,15062,16281,14453,4188,2210,13444,7093,12638,10418,8936,16063,10594,5521,7738,15622,7384,17069,16510,10870,11305,8729,11434,11645
15260,16489,23242,17890,5058,22238,1195,14101,13216,22095,20157,11374,0,8438,21550,28436,7192,21609,17706,22672,15106,17716,5388,13771,11688,24979,9272,20464,4568,5710,1226,4400,26565,6496,8896,16478,10370,27821,16375,8112,1762,17356,1756,1561,14616,9297,13880,11265,27265,18976,28313,25396,12573,19331,22376,23579,10039,14371,27994,15225,23862,8642,27789,26889,21224,23148,14321,13409,22049,16610,19707,12214,5201,20317,21418,5973,17580,11070,17236,24747,8355,7345,26480,16054,22749,11259,4240,21526,25569,4852,16957,13237,26086,18338,24585,13956,26722,2533,7840,26935,15018,9394,4864,6207,24551,13000,12008,22261,9031,2853,16602,16927,24766,17128,14495,15943,26358,10625,8150,25328,18328,22009,17649,21531,17829
22177,21783,28087,22735,9902,27657,8621,19395,18107,26939,25156,17837,8435,0,26394,33281,14109,26454,24623,27966,19951,22560,10496,18616,18725,29823,16308,25308,5484,12626,8067,6242,31410,4870,15932,21322,15215,32666,23291,1823,8375,22201,8354,9207,19461,16214,18725,18182,32110,25892,33158,30240,17418,24176,27220,28424,17075,21287,32839,20960,28707,15558,32634,31733,26068,27993,21238,18254,26893,21455,24551,17059,12238,27233,26837,12889,22999,15914,24153,29592,13200,14261,31325,20898,27593,18175,4687,26370,30414,9892,22376,20154,30930,23182,29430,19250,31567,9170,14757,31780,21934,16310,5048,2856,29395,17845,16899,27106,15948,6283,21446,21771,29610,24045,19340,20788,31357,17542,2259,30173,23173,27428,22494,26376,22673
20597,8916,2277,10749,16550,13964,20401,9364,9332,1009,7216,11487,21342,26161,0,7471,15852,565,22902,12142,6961,4278,17150,7788,21774,8278,20457,1881,21291,17282,20377,20650,7089,22368,21379,10319,11150,7085,17472,26246,22061,4606,20052,20408,7215,17903,8668,18281,6300,16771,7577,7800,9915,3190,3671,4905,21465,15327,7257,12673,3837,17596,7385,7413,778,2168,19284,8805,1472,10412,6326,9590,20362,15317,13928,16671,12198,11311,16883,5864,13350,17551,7597,8912,3207,16727,22498,4601,6686,17227,11271,18741,8518,12025,5546,9437,5757,19712,19391,5970,14935,14146,23731,24342,4141,9209,10360,3586,18450,21152,9460,5434,5997,16118,8014,6198,7362,18668,25130,6445,4462,13424,4629,5049,10926
27469,15788,6324,17621,23422,20345,27273,16236,16204,8053,14088,18359,28214,33033,7485,0,22724,8004,29774,18523,13833,11150,24022,14660,28646,13588,27329,8753,28163,24154,27249,27522,8230,29240,28251,17191,18022,5751,24344,33118,28933,11478,26924,27280,14087,24775,15540,25153,1813,23200,6715,11714,16787,10061,8578,9105,28337,22199,3636,19545,7647,24468,6860,8554,7600,6908,26156,15677,8143,17284,13198,16462,27234,21746,20357,23543,19070,18183,23755,8711,20222,24423,9707,15784,8634,23599,29370,11199,9010,24099,18143,25613,12354,18897,6047,16308,2304,26584,26263,2746,21807,21018,30603,31213,7618,16081,17232,8796,25322,28024,16332,12306,9062,22990,14886,13070,10800,25540,32002,8768,11334,19805,11501,11921,17798
11433,10345,17658,13999,6531,16094,6536,7958,7171,16402,14014,5231,7431,14303,15965,22852,0,15917,13879,16529,9554,12319,6118,9880,9193,19684,6881,15169,9662,2282,7251,9493,20873,11338,7700,12587,6669,22129,12548,14388,7743,11663,6207,5941,8923,5322,8030,6799,21681,15149,22621,20249,6648,13638,17081,18285,8050,9525,22301,8171,18170,4048,22097,21196,15639,17456,10494,7484,16356,12719,14014,8323,5362,15963,15275,1939,11436,5120,13410,19453,7559,3521,21186,12162,17056,4596,10578,16231,20275,6140,10814,9411,20791,14447,19291,7813,21138,5367,5615,21351,9820,3416,11201,12484,18858,7442,6036,16967,5869,8778,12710,12135,19586,13301,9044,10916,20215,6161,13321,20033,13536,15865,12252,15838,13938
20493,8812,2750,11155,16840,13593,20786,9260,9228,840,6920,11384,21727,26546,565,7990,15748,0,22798,11771,6857,4663,17437,8173,21671,8684,20353,2287,21676,17179,20761,21035,6981,22753,21275,10703,11466,6977,17177,26631,22123,4925,20436,20321,7112,17800,8564,18178,6819,16449,7469,8319,9812,2894,4190,5424,21361,15224,7149,12570,3645,17492,7277,7305,1184,2060,19180,8701,1123,10797,6030,9974,20259,14995,13606,16568,11903,11208,16588,6383,13735,17448,8116,9318,2836,16624,22883,5007,7205,17523,10975,18637,9037,12431,6065,9333,6276,19625,19288,6286,14831,14042,24116,24726,4033,9159,10257,4105,18346,21537,9866,5840,6516,15823,8370,6583,7083,18564,25515,6964,4868,13053,5013,4754,11331
3771,15411,24564,23281,18293,15677,17338,14420,15208,23308,17732,15088,17846,25105,22871,29758,14297,22823,0,17489,16684,20174,17880,19113,8594,27540,10264,22785,20463,14053,17977,20295,25651,22307,10041,22085,18337,28284,9623,24862,18512,18569,17009,16742,15737,10236,15122,8553,28587,12224,27759,28105,16370,20544,24937,26140,9848,8557,29207,10842,25076,11324,26897,25259,22545,24361,3925,15259,23262,22179,18649,18361,15037,13565,14973,15783,12758,17180,10485,27308,20393,12361,29041,21444,23604,9982,20991,24087,28130,17902,13730,5309,28647,23906,27146,13840,28043,16336,12810,28256,8730,16709,21615,22958,25764,15858,15564,24822,9740,19579,21992,20314,27441,10376,16899,19117,23933,8754,24123,27889,22249,16414,20108,21229,23219
15297,7748,13306,17855,18576,2986,22343,9844,10632,11986,5769,12107,23238,28464,12420,18587,16745,12049,17743,0,10049,12482,19172,13875,18059,18209,18864,12569,23594,18215,22628,22953,11380,24671,19402,16660,13697,14013,8457,28549,23550,10037,22014,21748,9515,16450,10546,14766,17179,6363,13488,18821,11794,9803,15681,16915,19268,12796,15677,10141,11689,17538,12626,10988,12275,12228,14194,10683,11373,16753,6603,13584,21295,4545,3407,17604,6951,13154,7456,17875,16369,18179,19608,16019,10654,15953,24801,14790,18697,19259,7319,13263,19363,18481,17562,9339,16672,21052,19295,16265,12403,15278,26034,26645,11934,11282,11324,15597,15954,23403,16567,13127,18008,7678,10998,11961,9662,14968,27433,18455,14383,2140,12416,8996,17794
14340,2891,8884,9055,10113,11281,14190,3107,3075,7629,5846,5231,15130,20002,7192,14079,9249,7143,16645,9744,0,4957,10710,4887,15518,12044,14200,7106,15132,10680,14165,14491,12099,16209,15122,7859,4715,13355,12055,20087,15534,2890,13840,13731,959,11647,2411,12025,12907,12297,13847,12656,3508,4865,9720,10923,15208,9071,13528,6417,9396,11339,13323,12423,6866,8682,13027,2548,7583,7953,5241,4485,13760,11510,10461,10069,6983,4899,11466,12091,7395,11295,13824,7218,8283,10471,16339,8625,12913,10796,5833,12484,13198,9681,11929,3180,12364,13035,13135,12577,8678,7544,17572,18182,10085,2437,4104,9605,12193,14941,7766,5097,12224,10700,1682,3900,12047,12411,18971,12672,7032,11026,4890,7065,8993
17814,6635,5978,7249,12700,13849,16551,6662,6549,5009,7460,8485,17492,22311,4285,11172,12171,4549,20119,12027,4133,0,13301,3939,18772,7941,17440,3426,17441,13601,16527,16800,9875,18518,18362,6469,7300,11037,15577,22396,18211,2847,16202,16558,4797,14901,5885,15280,10001,15819,11529,8506,6564,3223,5338,6542,18463,12545,11210,9891,7116,14579,11098,10198,3959,6121,16502,6022,5111,6562,6570,5740,16681,15022,13633,12990,10506,7821,14988,7709,9500,14535,9442,5413,6002,13725,18648,4488,8532,13377,9783,15958,9048,8290,7548,6654,9458,15862,16375,9671,12152,10465,19881,20492,7804,5359,7344,5223,15448,17302,5961,1476,7842,14223,4165,2348,9911,15666,21280,8290,3471,13309,779,5294,7426
15232,12512,18816,13464,740,18386,4247,10125,8836,17669,15885,8566,5188,10308,17124,24010,6227,17183,17678,18695,10680,13290,0,9345,12468,20552,9727,16038,5438,5151,4222,4797,22139,6515,9715,12052,5944,23395,16347,10393,5907,12930,3897,4130,10190,9269,9454,11237,22839,18948,23887,20969,8147,14905,17950,19153,10858,13185,23568,11689,19436,8614,23363,22463,16798,18722,14293,8983,17623,12184,15281,7788,5837,18255,17566,5007,13728,6644,17208,20321,4239,7317,22054,11627,18323,10684,6645,17099,21143,583,13106,13209,21659,13912,20159,9979,22296,3259,7812,22509,13480,8149,7878,8488,20125,8574,7628,17835,9003,4998,12175,12501,20339,17100,10069,11517,22086,10597,9277,20902,13902,18157,13223,17105,13403
16659,6672,9852,4554,8962,14008,12814,5552,5394,8884,9400,7003,13754,18574,8160,15047,9640,8424,18964,13298,4170,4158,9563,0,17306,11364,15554,6849,13704,11071,12789,13063,13749,14781,16476,3196,3562,14912,14422,18659,14473,5094,12464,12843,4649,13435,4730,13817,13875,14664,15404,11929,4715,7097,8761,9965,16695,11389,15085,8735,10990,12693,14973,14073,7834,9996,15346,4867,8986,3309,8743,2002,13819,13876,13188,9497,9350,5341,13833,11133,5763,12648,12866,2717,9877,12263,14911,7911,11955,9640,8727,14803,12471,5036,10971,5499,13332,12147,14488,13545,10997,7934,16144,16754,11679,4203,5625,8647,13982,13565,3265,3312,11266,13067,3906,2596,13786,14204,17543,11714,4714,13779,4259,9168,4492
5816,15386,22893,21115,12303,16208,11348,12999,12212,21637,18024,10272,10984,18327,21200,28087,8909,21152,8295,18020,15003,18436,11890,16947,0,25801,3402,21115,14457,8164,11115,14289,25943,16317,2630,19920,14423,27364,10154,18000,11650,16899,11019,10753,14159,4387,13384,5064,26916,12756,27856,26366,12473,18874,23198,24402,1797,8151,27537,10678,23405,5463,27189,25551,20875,22691,5843,12878,21591,20014,18941,15732,8175,14097,15504,10395,13290,12605,11016,25570,15445,6471,27303,19279,22291,6036,14129,22348,26392,11912,14262,5576,26908,21741,25408,12854,26373,10346,5948,26586,8798,11320,14753,16096,24093,13598,11440,23084,3891,12742,19827,18576,25703,10908,15161,17378,24225,5138,18039,26151,20337,16945,18369,21074,21054
24738,13395,10018,12455,19623,19891,23475,13585,13473,9181,13082,15409,24415,29235,8325,15112,19094,8721,27043,18069,11057,7512,20224,10862,25696,0,24364,6963,24365,20525,23450,23724,15081,25442,25286,13392,14223,15077,22501,29320,25134,9593,23125,23481,11695,21825,12809,22203,13940,22637,15569,5115,13487,8845,6638,5362,25386,19468,15250,16814,11912,21503,15377,15405,7999,10161,23425,12946,9643,13486,12192,12663,23605,21183,19795,19914,17429,14744,21912,6259,16424,21458,7863,11425,11237,20649,25572,4013,6990,20301,16543,22882,5834,14221,9333,13578,13397,22786,23298,13610,19076,17389,26805,27415,12133,12282,14267,6829,22372,24226,11973,7947,5530,21146,11088,9272,15484,22590,28204,6428,6976,19350,8086,10916,13439
7384,14533,22040,19503,10026,16839,9071,12146,11358,20784,18201,9419,8721,16064,20347,27234,6934,20299,9863,18651,14150,17459,9613,15335,3711,24825,0,20262,12194,5787,8852,12026,25255,14040,1223,18279,12509,26511,10785,15737,9387,16045,8742,8475,13305,3922,12530,5695,26063,13387,27003,25390,11343,18020,22222,23426,2086,8782,26683,11309,22552,3586,26478,25578,20021,21837,7379,12025,20738,18401,18396,14015,5912,14727,16135,8279,13921,10691,11647,24593,13520,4094,26326,17667,21438,5888,11866,21372,25416,9635,14670,7112,25932,20129,24432,12000,25519,8069,3685,25733,9429,9406,12490,13833,23240,12370,10433,22107,3484,10479,18215,17324,24726,11539,14184,16105,24402,5212,15776,25174,18725,17576,17393,20220,19442
20420,8739,3567,9189,15551,13883,19402,9187,9155,2690,7074,11310,20343,25162,1874,8761,15022,2230,22725,12061,6784,3439,16151,6789,21597,6869,20280,0,20292,16452,19377,19651,8631,21369,21202,9319,10150,8626,17331,25247,21062,4429,19052,19409,7038,17726,8490,18104,7590,16629,9118,7115,9415,3019,3913,5117,21288,15150,8799,12496,5461,17419,8926,8954,1548,3710,19107,8628,3151,9413,6184,8591,19532,15175,13787,15841,12057,10671,16742,6284,12351,17374,8017,7353,4746,16550,21499,3397,7107,16228,11129,18564,7657,10466,6123,9259,7047,18713,19214,7260,14758,13316,22732,23342,5682,8210,10183,3799,18273,20153,7901,3875,6417,15977,7015,5199,8993,18491,24131,6865,2903,13342,4013,4908,9366
17466,16866,23170,17818,4985,22740,3983,14478,13190,22022,20239,12920,4226,5614,21477,28364,9398,21537,19912,23049,15034,17643,5579,13699,14516,24906,11960,20391,0,7915,3742,1191,26493,2872,11723,16405,10298,27749,18580,6300,4589,17284,3643,4668,14544,11503,13808,13471,27193,21182,28241,25323,12501,19259,22303,23507,12866,16577,27922,16043,23790,10848,27717,26816,21151,23076,16527,13337,21976,16538,19634,12142,7687,22522,21920,8178,18082,10997,19442,24675,8283,9550,26408,15981,22676,13464,2771,21453,25497,4975,17459,15443,26013,18265,24513,14333,26650,4459,10046,26863,17224,11600,4004,4561,24478,12928,11982,22189,11237,2341,16529,16854,24693,19334,14423,15871,26440,12831,4538,25256,18256,22511,17577,21459,17756
11297,11552,18865,15206,5616,17302,4967,9165,8378,17609,15221,6438,5862,12734,17172,24059,2134,17124,13743,17736,10761,13526,5203,11087,8533,20891,5791,16377,8093,0,5682,7924,22080,9936,6458,13794,7876,23336,12411,12819,6174,12870,4638,4372,10131,5334,9237,7302,22888,15013,23828,21456,7855,14846,18288,19492,7155,10408,23509,9834,19377,4679,23304,22403,16847,18663,10358,8691,17563,13926,15221,9530,3704,16354,16482,2824,12644,6327,13273,20660,8767,2831,22393,13370,18263,6259,9009,17438,21482,5225,12021,9274,21998,15654,20498,9020,22345,3966,4525,22558,11055,4623,9632,10915,20065,8649,7243,18174,5068,7209,13918,13342,20793,13165,10251,12123,21422,6662,11752,21241,14744,17072,13459,17046,15145
15123,16050,22355,17003,4170,21925,1058,13663,12375,21207,19424,11237,1246,8271,20662,27549,7055,20722,17569,22234,14219,16828,4568,12884,11849,24091,9433,19576,4177,5572,0,4009,25678,6105,9057,15590,9483,26934,16237,7945,1923,16468,1130,1424,13729,9160,12992,11128,26378,18839,27426,24508,11686,18444,21488,22692,10200,14234,27106,15088,22975,8505,26902,26001,20336,22261,14184,12522,21161,15723,18819,11327,5344,20179,21105,5835,17267,10182,17099,23860,7468,7207,25593,15166,21861,11122,4074,20638,24682,3965,16644,13100,25198,17450,23698,13518,25835,2299,7703,26048,14881,9257,4698,6040,23663,12112,11167,21374,8894,2665,15714,16039,23878,16991,13608,15056,25625,10488,7837,24440,17440,21696,16761,20643,16941
17521,16346,22650,17298,4465,22220,4039,13959,12670,21503,19719,12400,4281,6131,20957,27844,9453,21017,19967,22529,14514,17123,5059,13179,14571,24386,12016,19872,988,7971,3797,0,25973,2620,11778,15886,9778,27229,18636,6816,4644,16764,3698,4723,14024,11558,13288,13526,26673,21237,27721,24803,11981,18739,21783,22987,12921,16632,27402,15523,23270,10903,27197,26297,20632,22556,16582,12817,21457,16018,19115,11622,7742,22089,21400,8234,17562,10478,19497,24155,7763,9606,25888,15461,22157,13520,3514,20933,24977,4455,16940,15498,25493,17746,23993,13813,26130,4242,10101,26343,17279,11655,4747,5077,23959,12408,11462,21669,11292,3084,16009,16335,24173,19389,13903,15351,25920,12886,5054,24736,17736,21991,17057,20939,17237
23219,12655,6577,16995,21925,13208,26001,14345,14313,6706,8098,16469,26896,31814,7169,8259,20833,7050,25665,11386,11942,9950,22522,13460,25981,15112,25438,8715,26944,22264,25977,26303,0,28020,26360,15990,16551,3578,17753,31899,27208,10107,25652,25406,12197,22885,13649,21730,6823,16063,3053,13875,14897,7577,9746,10980,26446,18415,5241,15761,3763,22577,2191,566,7561,5631,22116,13786,6426,16084,8329,15262,25344,14609,13221,21653,13168,16293,16752,11939,19022,22533,13316,15158,4778,21572,28150,11435,12618,22608,12241,21185,14593,17811,9656,14246,6316,24710,24373,5909,18023,19127,29384,29994,3557,14244,15342,9662,23431,26753,15706,11221,12072,16975,13455,11870,3317,22890,30783,12377,11296,12668,10300,7583,17124
19513,18072,24376,19024,6192,23947,6136,15685,14397,23229,21446,14127,6378,4950,22684,29570,11301,22743,21959,24255,16240,18850,6785,14905,16668,26113,14007,21598,2936,9962,5894,2828,27699,0,13875,17612,11504,28955,20627,5635,6741,18490,5795,6716,15750,13550,15014,15518,28399,23228,29447,26530,13707,20465,23510,24713,15018,18624,29128,17249,24996,12895,28923,28023,22358,24282,18574,14543,23183,17744,20841,13348,9733,23815,23127,10081,19288,12204,21489,25881,9489,11597,27614,17188,23883,15511,5505,22660,26703,6181,18666,17490,27220,19472,25719,15540,27856,5969,12093,28069,19040,13503,5994,4530,25685,14134,13188,23395,13284,5075,17736,18061,25900,21381,15629,17077,27647,14878,3493,26462,19462,23717,18783,22665,18963
7199,15460,22967,20431,10377,17323,9422,13073,12286,21712,19081,10346,9057,16400,21275,28161,7861,21226,9678,19135,15077,18387,9964,16263,3048,25752,1228,21189,12531,6714,9189,12362,26182,14391,0,19207,13437,27438,11269,16074,9724,16973,9093,8826,14233,4448,13458,6179,26990,13870,27930,26317,12270,18948,23149,24353,1385,9265,27611,11793,23479,4513,27406,26506,20949,22765,7226,12952,21666,19329,19324,14943,6249,15211,16619,9206,14404,11618,12131,25521,13871,5021,27254,18594,22366,6413,12203,22299,26343,9986,15196,6959,26859,21056,25359,12928,26447,8420,4022,26660,9912,10334,12827,14169,24167,13298,11361,23035,4010,10815,19142,18252,25654,12023,15112,17033,25282,5738,16112,26102,19653,18060,18320,21148,20369
19647,9659,12408,3455,11573,16996,15425,8539,8382,11440,12275,9991,16365,21184,10716,17603,12251,10980,21952,16173,7158,6714,12174,3204,20294,12710,18165,9405,16315,13682,15400,15673,16305,17391,19087,0,6173,17468,17409,21269,17084,7969,15075,15453,7637,16423,7717,16805,16431,17651,17960,10993,7703,9653,11317,10783,19306,14377,17641,11723,13546,15304,17529,16629,10390,12552,18334,7854,11542,762,11618,4613,16430,16864,16176,12108,12338,7951,16820,11134,8374,15259,12518,2830,12433,15251,17521,10467,11824,12251,11715,17791,11712,2042,13527,8486,15888,14758,17099,16101,13985,10545,18754,19365,14235,7191,8613,11203,16970,16176,2444,5868,10363,16055,6893,5152,16342,17191,20154,11261,6800,16767,6815,11724,1613
15211,7214,13089,7635,5606,13245,9683,4788,3832,11943,10159,4931,10623,15495,11396,18283,6462,11457,17657,13398,4954,7517,6203,3516,14660,14724,12376,10209,10625,7892,9658,9984,16413,11702,13297,6223,0,17669,13658,15580,11172,7204,9333,9370,4464,10789,3966,11745,17112,13900,18161,15141,2832,9179,12121,13325,13517,9478,17842,7972,13710,9515,17637,16737,11071,12996,14272,3874,11897,6355,9555,1959,10346,13113,12425,6025,8587,2218,13069,14492,2871,9470,16225,5799,12597,10063,11832,11271,15314,6289,7964,13177,15831,8083,14331,4735,16569,8674,11310,16782,9773,4756,13065,13675,14399,3156,3642,12006,11335,10434,6347,6672,14511,12304,4343,5790,16360,11628,14464,15073,8073,13015,7496,11379,7574
25926,14880,6285,17290,22908,15915,26917,15328,15296,6780,10805,17452,27858,32677,6877,5707,21816,6758,28372,14093,12926,10794,23505,14304,27739,14820,26421,8423,27807,23247,26893,27166,3761,28884,27343,16834,17534,0,20460,32762,28191,10993,26568,26389,13180,23868,14632,24246,4858,18770,1497,13583,15880,8962,9454,10688,27429,21122,2663,18468,3829,23560,1591,3976,7269,5339,24823,14769,6795,16928,10824,16106,26327,17316,15927,22636,15875,17276,19459,11372,19866,23516,12367,15454,5667,22692,29014,11143,11670,23591,14948,23892,14302,18567,8707,15401,5007,25693,25356,4305,20729,20111,30247,30857,3265,15227,16325,9370,24415,27668,16002,11976,11723,19682,14438,12714,6024,24632,31646,11429,11004,15375,11145,9548,17467
7389,9634,19220,18715,16598,6493,15643,9854,10642,17670,10841,11971,16538,23410,17527,24414,12603,17277,9835,8317,12102,15608,16185,14547,10151,22803,10956,17496,18768,12359,16358,18600,17427,20612,11494,17519,13771,20060,0,23495,16850,13649,15314,15048,11327,8542,10556,6858,23226,3032,19535,23415,11804,14875,20370,21574,11359,6737,21724,9272,17736,9630,18673,17035,17201,18275,6285,10693,17419,17613,11758,13795,14149,4393,5801,14088,5484,13164,1532,22742,16379,10666,24475,16878,16700,8163,19685,19384,23564,16207,7082,5354,23957,19340,22489,9274,22700,14641,11387,22312,6911,15014,20308,21591,17981,11292,11334,20256,8045,17885,17426,15748,22875,1899,12333,14551,15709,7059,22428,23323,17682,7230,15541,14337,18653
22004,21960,28264,22913,10080,27835,8274,19573,18285,27117,25334,18015,8089,1816,26572,33459,14287,26632,24483,28144,20129,22738,10673,18793,18331,30001,15914,25486,6182,12804,7720,6940,31588,5568,15538,21500,15392,32843,23469,0,7610,22378,8251,8860,19638,16391,18902,18359,32287,26070,33336,30418,17596,24353,27398,28602,16681,21465,33016,21137,28885,15736,32811,31911,26246,28170,21415,18432,27071,21633,24729,17236,11844,27411,27015,13067,23177,16092,24331,29769,13377,14439,31502,21076,27771,18353,4340,26548,30592,10070,22554,20332,31108,23360,29608,19428,31744,9348,14935,31957,22112,16488,4141,2510,29573,18022,17077,27283,16126,6461,21624,21949,29788,24222,19517,20965,31535,17720,2957,30350,23350,27606,22671,26553,22851
14830,16960,23862,18510,5677,22709,2175,14573,13687,22714,20628,11846,1770,8389,22169,29056,7664,22229,17309,23143,15726,18335,5884,14391,11157,25598,8740,21083,4831,6181,1625,4798,27185,6894,8364,17097,10990,28441,16846,7591,0,17975,2637,2412,15236,9768,14455,11736,27885,19447,28933,26015,13073,19951,22995,24199,9507,14842,28613,15697,24482,9113,28409,27508,21843,23768,14792,13909,22668,17230,20326,12834,4670,20788,21889,6444,18051,11563,17708,25367,8975,7816,27100,16673,23368,11730,4191,22145,26189,5472,17428,13709,26705,18957,25205,14427,27342,3278,8312,27555,15489,9865,4365,6158,25170,13619,12479,22881,9503,2804,17221,17546,25385,17599,15115,16563,26829,11097,8101,25947,18947,22480,18268,22150,18448
16284,4603,6288,9181,12631,11638,16707,5051,5019,5319,5717,7174,17601,22519,4595,11482,11539,4859,18589,9816,2648,2867,13227,5272,17461,9448,16144,4510,17649,12969,16683,17008,10037,18726,17066,7985,7256,11293,13972,22604,17914,0,16358,16111,2903,13590,4355,13968,10311,14214,11785,10060,5602,2802,7185,8388,17152,11014,11465,8360,7334,13283,11261,10360,4269,6431,14971,4492,5421,8079,5010,5971,16050,12811,11422,12358,8901,6998,13383,9556,9731,13238,11289,7344,6220,12414,18856,6028,10378,13314,7751,14428,10602,9806,9394,5124,9768,15415,15078,9981,10622,9833,20089,20700,8022,4949,6047,7070,14137,17458,7892,3824,9689,12618,3949,3287,10073,14355,21488,10137,5772,11097,2800,5456,9119
14178,15407,21944,16592,3759,21156,612,13020,11964,20797,19013,10292,1784,8511,20251,27138,6111,20311,16625,21590,13808,16417,4158,12473,11415,23680,8673,19166,3869,4628,1060,3701,25267,5797,8661,15180,9072,26523,15293,8257,2744,16058,0,1381,13318,8215,12582,10183,25967,17894,27015,24097,11275,18033,21077,22281,9804,13289,26696,14144,22564,7560,26491,25591,19926,21850,13239,12111,20751,15312,18409,10916,4399,19235,20336,4891,16498,9772,16155,23449,7057,6263,25182,14755,21451,10177,4386,20227,24271,3554,15875,12156,24787,17040,23287,12874,25424,1172,6759,25637,13936,8312,5010,6353,23253,11702,10756,20963,7950,2978,15303,15628,23467,16046,13197,14645,25214,9544,7529,24030,17030,20927,16351,20233,16531
14075,15303,22246,17065,4534,21052,1075,12916,12030,21095,18972,10189,1814,9463,20553,27440,6007,20609,16521,21487,14106,16719,4202,12945,11311,24085,8569,19570,4873,4524,1949,4705,25565,6775,8557,15652,9544,26821,15189,9136,2373,16356,1105,0,13616,8112,12798,10080,26269,17791,27313,24570,11416,18331,21482,22685,9700,13186,26994,14040,22862,7457,26789,25889,20227,22148,13136,12252,21049,15785,18707,11388,4296,19131,20233,4787,16394,9907,16051,23853,7831,6159,25586,15228,21749,10074,5265,20632,24675,4224,15772,12052,25192,17512,23691,12771,25726,1519,6655,25939,13833,8209,5889,7232,23551,12000,10822,21367,7846,3867,15776,16101,23940,15943,13495,14947,25173,9440,8533,24434,17502,20823,16653,20531,17003
13450,2830,8837,8855,9856,10622,13932,2167,2244,7581,5798,4399,14827,19744,7145,14031,8764,7096,15755,9310,947,4757,10452,4687,14686,11997,13369,7059,14874,10195,13908,14233,12052,15951,14291,7660,4482,13308,11272,19829,15139,2843,13583,13336,0,10815,1580,11194,12860,11514,13800,12609,2828,4818,9520,10723,14377,8180,13481,5526,9349,10508,13276,12376,6819,8635,12137,1717,7536,7753,5194,4285,13275,10727,9802,9583,6200,4223,10683,11891,7161,10463,13624,7018,8236,9639,16081,8578,12713,10539,5174,11594,13151,9481,11729,2349,12317,12640,12303,12530,7788,7058,17314,17925,10037,2175,3273,9405,11362,14683,7566,4897,12024,9917,1482,3700,11999,11580,18713,12472,6832,10393,4691,7018,8793
7425,12618,20125,17842,9470,14593,8515,10231,9444,18870,16043,7504,9409,16282,18433,25319,5334,18384,9871,16405,12235,15668,9057,13674,4782,23033,3911,18347,11640,5230,9230,11472,23340,13484,4449,16618,10848,24596,8539,16367,9722,14131,8186,7919,11391,0,10616,3430,24148,11140,25088,23598,9681,16106,20430,21634,4315,6535,24769,9063,20637,1980,24564,23570,18107,19923,6486,10111,18824,16740,16482,12354,7020,12481,13889,6819,11674,9030,9401,22802,11870,3538,24535,16005,19524,3293,12556,19580,23624,9079,12157,5402,24140,18467,22640,10086,23605,7513,4258,23818,7182,7745,13180,14462,21326,10709,8673,20316,1458,10756,16553,15663,22935,9293,12393,14444,22244,2790,15300,23383,17064,15330,15601,18306,17780
12706,4059,10336,8985,8461,10055,12537,1598,1347,9080,7297,3502,13478,18349,8643,15530,7482,8595,15011,10243,2446,5878,9057,4817,13789,13244,12469,8557,13479,8913,12513,12838,13550,14556,13390,7790,3635,14806,10469,18434,13857,4341,12188,12055,1601,9918,0,10296,14358,10711,15298,13809,1592,6316,10641,11845,13480,7436,14979,4782,10848,9608,14774,13874,8317,10133,11393,137,9034,7883,6692,4065,11993,9923,9235,8302,5397,3125,9880,13012,5997,9563,14745,7148,9734,8742,14686,9791,13834,9144,4774,10850,14351,9611,12851,1546,13815,11359,11403,14028,7044,5776,15919,16530,11536,1562,2372,10526,10465,13288,7696,6018,13145,9114,2603,4821,13498,10683,17318,13593,7953,9826,5812,8516,8923
5594,11780,19526,17684,11654,13198,10699,9620,8844,18270,14840,7244,11593,18466,17833,24720,6626,17785,8041,15010,11636,15068,11241,13516,5206,22434,6011,17747,13824,7414,11414,13655,22740,15668,6549,16488,11426,23996,7144,18551,11906,13531,10370,10103,10791,3597,10016,0,23548,9746,24488,22999,9041,15506,19831,21035,6415,5141,24169,7668,20038,4382,23964,22367,17507,19323,4655,9511,18224,16582,15757,12300,9204,11086,12494,8112,10280,9625,8006,22202,12643,5721,23935,15847,18924,2086,14740,18981,23024,11263,10954,3572,23541,18309,22041,9388,23005,9697,6442,23218,5788,9037,15364,16646,20726,10166,8008,19716,3101,12940,16395,15208,22335,7898,11793,14011,21041,2115,17483,22783,16906,13935,15002,17706,17622
26266,14585,5121,16418,22219,19142,26071,15033,15001,6851,12885,17156,27011,31830,6283,1713,21521,6802,28571,17320,12630,9948,22820,13458,27443,12596,26126,7551,26960,22952,26046,26319,6822,28037,27048,15988,16819,4918,23142,31915,27730,10276,25721,26077,12885,23572,14337,23951,0,21997,6174,10721,15585,8859,7452,8112,27134,20997,2803,18342,6239,23265,6027,7146,6397,5705,24953,14474,6940,16081,11995,15259,26032,20544,19155,22340,17867,16980,22553,7718,19019,23220,8714,14581,7226,22397,28167,10207,8017,22896,16940,24410,11361,17694,5054,15106,641,25381,25060,1138,20604,19815,29400,30011,6210,14878,16030,7671,24119,26822,15129,11103,8070,21787,13684,11867,9393,24337,30799,7775,10132,18602,10298,10719,16595
10079,9527,17532,18608,18479,4184,18333,9747,10536,16212,9915,11864,19228,26100,16645,22813,15293,16274,12525,6278,11996,15501,18875,14440,12841,22355,13646,16715,21459,15049,19048,21290,15606,23302,14184,17413,13665,18239,3078,26185,19540,13542,18004,17738,11220,11232,10449,9548,21405,0,17714,22967,11697,13949,19827,21061,14049,9427,19903,9751,15915,12320,16852,15214,16420,16454,8975,10586,15598,17506,10760,13688,16839,2227,3731,16778,5378,13057,2077,22020,16272,13356,23753,16771,14879,10853,22375,18935,22842,18897,6975,8044,23509,19234,21708,9167,20898,17332,14077,20491,9601,15119,22998,24281,16159,11185,11228,19742,10735,20575,17319,15642,22153,2824,12226,14444,13888,9749,25118,22601,17576,4921,15435,13222,18547
25534,14970,7014,18019,23637,15523,27646,16057,16025,7509,10413,18180,28586,33406,7605,6993,22545,7486,27980,13701,13654,11523,24233,15033,28296,15548,27150,9152,28536,23976,27621,27895,3531,29613,28072,17563,18263,1497,20068,33491,28920,11721,27296,27117,13909,24596,15361,24045,6144,18378,0,14312,16609,9438,10183,11417,28158,20730,3949,18076,4557,24289,888,3621,7998,6068,24431,15498,7523,17657,10644,16834,27056,16925,15536,23364,15484,18004,19068,12376,20595,24244,13654,16182,6395,23421,29743,11872,12956,24320,14556,23500,15030,19296,9994,16130,6293,26422,26084,5591,20338,20839,30976,31586,3994,15956,17054,10098,25143,28397,16730,12704,12509,19290,15167,13443,5632,25205,32375,12715,11733,14983,11873,9443,18196
26235,14998,8697,9071,20528,20868,24379,15082,14970,8186,14059,16906,25320,30139,7618,12474,20591,8137,28540,19046,12554,9009,21128,12124,27193,4961,25861,7721,25269,22022,24354,24628,13767,26346,26783,11184,15127,13763,23998,30224,26039,11196,24029,24408,13217,23322,14306,23700,11303,23614,14255,0,14984,9823,4730,3294,26883,20965,12666,18311,10597,23000,14063,14091,7563,8846,24922,14443,8648,10904,13170,13568,25102,22161,20772,21063,18881,16241,23409,3646,17328,22955,5086,9689,10345,22146,26476,5085,4258,21205,17948,24379,1123,10837,6692,15075,10760,23712,24795,10973,20573,18885,27709,28319,10819,13779,15764,4980,23869,25130,9767,9444,2797,22643,12585,10769,14297,24086,29108,3695,8473,20328,9583,11893,10566
13005,5417,11812,8800,7557,11413,11387,2995,1580,10556,8773,2726,12281,17446,10119,17006,6219,10071,15452,11601,3780,6756,8154,4632,13029,14122,11615,9607,12576,7650,11609,11935,15027,13652,12537,7605,2847,16283,11827,17530,12594,5817,11058,10791,3078,9158,2184,9540,15835,12069,16775,14687,0,7793,11519,12722,12719,7273,16455,5778,12324,8754,16251,15350,9793,11610,12066,1638,10510,7698,8168,3417,10730,11282,10593,7038,6755,1678,11238,13890,5149,8709,15623,6964,11210,7986,13782,10669,14712,8240,6132,10971,15229,9426,13729,2904,15292,10095,10549,15505,7568,4513,15016,15626,13012,1667,1348,11404,9705,12384,7512,6621,14023,10472,3481,5402,14974,9927,16415,14471,8022,11184,6690,9992,8739
18586,6905,4853,10326,14933,11396,19009,7353,7321,3378,4588,9476,19904,24821,3160,10047,13841,2910,20891,9574,4950,3281,15529,6791,19763,8908,18446,3128,19951,15272,18985,19310,7234,21028,19368,9321,9559,8490,14845,24906,20216,3115,18660,18413,5205,15892,6657,16271,8875,14143,8982,9473,7905,0,6241,7474,19454,13317,8662,10662,4531,15585,8458,7557,2834,4082,17273,6794,3223,9415,3717,8484,18352,12689,11300,14660,9570,9300,14256,8434,12238,15540,10167,8489,3417,14716,21158,5455,9256,15616,8643,16730,10015,11143,8122,7426,8332,17717,17380,8545,12924,12135,22391,23002,5219,7252,8350,6156,16439,19760,9037,4552,8567,13490,6463,5201,7270,16657,23790,9015,4942,10856,3632,2653,10455
22447,11267,4669,10971,17332,16991,21184,11294,11182,4157,10183,13118,22124,26943,3589,8941,16803,4108,24752,15169,8766,5221,17933,8571,23405,6538,22073,3860,22074,18234,21159,21432,9738,23150,22995,11101,11932,9734,20210,27028,22843,7371,20834,21190,9429,19534,10518,19912,7770,19738,10226,4784,11196,5961,0,1559,23095,17177,9132,14523,6569,19212,10034,10062,3534,4818,21134,10655,4619,11194,9293,10372,21314,18284,16895,17623,15020,12453,19621,2839,14133,19167,4572,9134,6316,18358,23280,3445,3661,18010,14086,20591,5503,12247,3690,11286,7227,20494,21007,7440,16785,15097,24513,25124,6790,9991,11976,433,20080,21935,9682,5656,2972,18855,8797,6981,10268,20298,25913,3420,4684,16451,5795,8017,11148
23783,12603,5984,10064,18668,18307,22520,12630,12518,5472,11498,14454,23460,28279,4904,9936,18139,5423,26088,16485,10102,6557,19269,9907,24741,5553,23409,5196,23410,19570,22495,22768,11054,24486,24331,12177,13268,11049,21546,28364,24179,8707,22170,22526,10765,20870,11854,21248,8765,21053,11541,3799,12532,7297,1559,0,24431,18513,10127,15859,7884,20548,11349,11377,4849,6133,22470,11991,5935,11897,10609,11708,22650,19599,18211,18959,16356,13789,20957,1867,15469,20503,4038,10470,7631,19694,24616,3344,3127,19346,15422,21927,4518,11830,4157,12622,8222,21830,22343,8435,18121,16433,25849,26460,8105,11327,13312,1938,21416,23271,10759,6992,2000,20191,10133,8317,11584,21634,27249,2580,6020,17766,7131,9332,11558
6975,15549,23056,20578,11102,17194,10147,13162,12375,21801,18974,10435,9783,17126,21364,28250,8069,21315,9454,19006,15166,18534,10689,16410,1809,25899,2201,21278,13256,7149,9914,13088,26271,15116,1397,19353,13584,27527,11140,16799,10449,17062,9818,9552,14322,4341,13547,6050,27079,13741,28019,26464,12417,19037,23296,24500,0,9136,27700,11664,23568,4448,27495,26501,21038,22854,7002,13041,21755,19476,19413,15090,6974,15082,16490,9555,14275,11765,12002,25668,14596,5456,27401,18741,22455,6306,12928,22446,26490,10711,15088,6735,27006,21203,25506,13017,26536,9145,4747,26749,9783,10481,13552,14895,24257,13444,11508,23182,3903,11541,19289,18398,25801,11894,15259,17179,25175,5610,16838,26249,19800,17931,18467,21237,20516
5976,7985,17138,15855,14108,12546,13350,6994,7782,15882,10306,7617,14245,21117,15445,22332,7975,15397,8422,12821,9258,12748,13695,11687,8142,20113,8773,15359,16475,9580,14065,16307,18225,18319,9311,14659,10762,20858,6758,21202,14557,11143,13021,12755,8311,5534,7696,3644,21160,9360,20333,20679,8377,13118,17511,18714,9177,0,21781,2960,17650,5783,19471,17833,15119,16935,5037,7833,15836,14753,11223,10935,11856,10700,11727,9460,7888,8961,7620,19882,12174,8373,21615,14018,16178,3486,17391,16661,20704,13717,7266,3942,21220,16480,19720,6414,20617,12348,9093,20830,804,10386,18015,19298,18338,8432,7345,17396,6036,15592,14566,12888,20015,7512,9473,11691,16507,4962,20135,20463,14823,12317,12681,13803,15793
26906,15225,5990,17635,23252,17775,27262,15673,15641,7124,12665,17796,28202,33021,7221,3412,22161,7102,29211,15953,13270,11139,23849,14649,28083,14176,26766,8767,28152,23591,27237,27510,5559,29228,27688,17179,17878,2720,22320,33106,28536,11337,26912,26733,13524,24212,14977,24590,2563,20630,3782,12301,16224,9307,9033,9693,27774,21636,0,18982,5024,23905,3829,5836,7614,5684,25593,15114,7139,17272,11715,16450,26671,19176,17787,22980,17735,17620,21319,9299,20211,23860,10295,15798,6011,23036,29358,11487,9597,23935,16808,25050,12941,18911,6635,15746,2712,26037,25700,2049,21244,20455,30591,31202,4995,15571,16669,9251,24759,28013,16346,12320,9650,21541,14782,13059,7884,24977,31991,9356,11349,17234,11489,10439,17812
8634,5295,14447,13164,11893,9856,15407,4303,5092,13191,7615,5141,16301,21782,12754,19641,9772,12706,10939,10130,6568,10058,12490,8996,10784,17423,11416,12669,16912,11242,15945,16271,15534,17989,11954,11969,8221,18168,9249,21867,16614,8453,15078,14811,5620,8177,5006,6286,18470,10511,17643,17988,5902,10428,14820,16024,11819,3085,19091,0,14959,8426,16781,15142,12429,14245,7321,5143,13146,12062,8532,8244,14322,9724,9036,10631,5198,6486,9681,17192,9699,11016,18925,11328,13488,6129,18119,13970,18014,12576,4575,6778,18530,13790,17030,3723,17927,14115,11736,18140,2972,8396,19352,19963,15647,5742,4869,14706,8679,16721,11876,10198,17324,8915,6782,9000,13816,7605,20751,17772,12132,9627,9991,11112,13103
22824,11143,3618,14101,19170,13693,23180,11591,11559,3254,8252,13714,24120,28939,3830,7506,18078,3639,25129,11871,9188,7057,19767,10567,24001,11965,22684,5568,24069,19509,23155,23428,3779,25146,23606,13097,13796,4037,18239,29024,24454,7255,22830,22651,9442,20130,10894,20508,6070,16549,4529,10916,12142,5225,6787,8021,23692,17554,4881,14900,0,19823,4337,4102,4465,2557,21511,11032,3075,13190,7191,12368,22589,15095,13706,18898,13234,13538,17238,8981,16128,19778,10713,12264,1868,18954,25276,8288,9803,19853,12307,20968,11634,14918,7906,11663,5563,21955,21618,5156,17162,16373,26509,27120,717,11489,12587,6703,20677,23930,12812,8328,9113,17154,10700,8976,3966,20895,27908,9561,8149,13153,7407,5915,14231
8571,11670,19177,16641,8852,15739,7897,9283,8496,17921,15339,6556,8791,15664,17485,24371,4132,17436,11017,17551,11287,14597,8439,12473,5814,21962,3604,17399,11022,4612,8612,10853,22392,12866,4526,15417,9647,23648,9685,15749,9104,13183,7568,7301,10443,1980,9668,4576,23200,12286,24140,22527,8480,15158,19359,20563,4436,7682,23821,8802,19689,0,23616,22716,17159,18975,7632,9162,17876,15539,15534,11153,6402,13627,15035,5618,12317,7828,10547,21731,10669,2920,23464,14804,18576,2912,11938,18509,22553,8461,11694,6548,23069,17266,21569,9138,22657,6895,3640,22870,8329,6544,12562,13844,20377,9508,7571,19245,2342,10138,15352,14461,21864,10439,11322,13242,21540,3460,14681,22312,15863,16476,14530,17358,16579
24709,14145,6832,17838,23028,14698,27104,15448,15416,7327,9588,17571,27998,32916,7424,6824,21936,7305,27155,12876,13045,11053,23624,14563,27471,15367,26541,8970,28046,23366,27080,27405,2774,29123,27463,17093,17654,1591,19243,33001,28311,11210,26755,26508,13300,23987,14752,23219,5975,17553,888,14130,15999,8680,10002,11235,27549,19905,3781,17251,4376,23680,0,2759,7817,5887,23606,14889,7342,17187,9819,16364,26447,16099,14711,22755,14658,17395,18242,12195,20125,23635,13485,16001,5881,22811,29253,11690,12787,23711,13731,22675,14849,18914,9825,15521,6124,25812,25475,5422,19513,20230,30486,31097,3813,15346,16444,9917,24534,27855,16549,12324,12328,18465,14558,12973,4807,24380,31885,12546,11551,14158,11403,8685,18015
22918,12354,6763,17181,22111,12907,26188,14450,14500,6892,7798,16655,27082,32000,7355,8446,21019,7236,25364,11085,12129,10136,22708,13647,25681,15298,25625,8901,27130,22450,26163,26489,566,28207,26506,16177,16737,3793,17453,32085,27394,10293,25838,25592,12383,22810,13835,21429,7009,15763,3268,14061,15083,7764,9932,11166,26372,18114,5457,15460,3949,22764,2406,0,7747,5817,21815,13972,6612,16270,8028,15448,25530,14309,12920,21839,12868,16479,16452,12126,19208,22719,13502,15344,4964,21272,28337,11621,12804,22794,11941,20884,14780,17998,9842,13945,6503,24896,24559,6095,17722,19314,29570,30180,3743,14430,15528,9848,23357,26939,15892,11407,12258,16674,13641,12056,3017,22589,30969,12563,11482,12367,10487,7769,17310
20722,9041,2421,10131,16492,14149,20344,9489,9457,1722,7341,11613,21284,26104,847,7615,15963,1277,23027,12327,7086,4381,17093,7731,21900,7629,20582,1232,21234,17394,20319,20593,7485,22311,21504,10261,11092,7480,17598,26189,22003,4732,19994,20350,7341,18029,8793,18407,6444,16896,7972,7671,10041,3315,3809,5043,21590,15453,7653,12798,4315,17721,7780,7808,0,2564,19409,8930,2184,10355,6451,9532,20474,15442,14053,16783,12323,11437,17009,6002,13293,17677,7735,8294,3919,16853,22440,3952,6824,17170,11396,18866,8212,11407,5690,9562,5901,19655,19516,6114,15060,14258,23674,24284,4536,9151,10486,3724,18575,21095,8842,4816,6135,16243,7957,6141,8015,18793,25073,6583,3845,13609,4754,5175,10308
22075,10394,1629,12635,18421,14061,22287,10842,10810,1880,8269,12965,23228,28047,2221,6910,17330,2102,24380,12239,8439,6164,19018,9675,23252,10164,21935,3767,23177,18760,22263,22536,5373,24254,22857,12205,13036,5368,18526,28132,23705,6492,21938,21902,8693,19381,10146,19759,5739,16916,5861,8927,11393,4476,4799,6032,22943,16805,5541,14151,2203,19074,5668,5696,2614,0,20762,10283,1859,12298,7208,11476,21840,15462,14073,18149,13251,12789,17605,6992,15236,19029,8725,10798,1975,18205,24384,6487,7814,19104,12324,20219,9646,13911,5918,10915,5196,21206,20869,5098,16413,15624,25617,26228,2424,10740,11838,4714,19928,23038,11346,7320,7125,17171,9901,8084,5903,20146,27016,7573,6348,13521,6515,5931,12812
1351,12129,21282,19999,14762,12395,13807,11138,11927,20026,14450,11557,14701,21574,19589,26476,10766,19541,3797,14207,13403,16893,14349,15831,5847,24258,7441,19504,16932,10522,14522,16764,22369,18776,7294,18804,15056,25003,6341,21659,15014,15288,13478,13211,12455,6705,11841,5021,25305,8942,24478,24823,13088,17263,21655,22859,7101,5025,25926,7560,21794,7793,23616,21977,19264,21080,0,11978,19980,18897,15367,15079,12290,10283,11691,12252,9477,13721,7203,24027,16933,8830,25760,18163,20323,6451,17848,20805,24849,14371,10449,1778,25365,20625,23865,10558,24762,12805,9550,24975,5199,13177,18472,19754,22482,12576,12104,21541,6209,16048,18711,17033,24159,7095,13617,15835,20651,5223,20591,24607,18967,13132,16826,17947,19938
13353,4706,10982,9442,8324,10702,12400,2245,1529,9727,7943,3376,13341,18212,9290,16176,7345,9241,15658,10890,3092,6525,8920,5274,13663,13890,12331,9204,13342,8776,12376,12701,14197,14419,13253,8246,3498,15453,11116,18297,13720,4988,12051,11918,2248,9792,1329,10171,15005,11357,15945,14456,1455,6963,11288,12491,13354,7904,15626,5429,11494,9471,15421,14521,8964,10780,12040,0,9681,8340,7339,4059,11856,10570,9882,8165,6044,2988,10527,13659,5859,9426,15392,7605,10381,8617,14549,10437,14481,9007,5421,11497,14997,10067,13497,2192,14462,11222,11266,14675,7691,5639,15782,16393,12183,1658,2235,11173,10339,13151,8153,6665,13792,9761,3250,5468,14144,10557,17181,14240,8599,10473,6458,9163,9380
20459,8778,3189,11729,16806,12905,20815,9226,9194,1080,6610,11350,21756,26575,1147,8470,15714,776,22764,11083,6823,4692,17403,8202,21637,9258,20319,2862,21705,17145,20790,21064,6358,22782,21241,10732,11432,7219,16867,26660,22089,4891,20465,20287,7078,17766,8530,18144,7299,15760,7712,8900,9778,2860,4771,6005,21327,15190,7392,12536,3261,17458,7519,6681,1758,2134,19146,8667,0,10826,5720,10004,20225,14306,12917,16534,11592,11174,16278,6965,13764,17414,8698,9892,2147,16590,22912,5582,7787,17489,10665,18603,9619,12553,6647,9299,6756,19591,19253,6657,14797,14008,24145,24755,3949,9125,10223,4687,18312,21566,10440,5963,7098,15512,8336,6612,6394,18530,25544,7546,5443,12365,5042,4444,11866
19768,9781,12530,3158,11713,17117,15565,8661,8503,11561,12397,10112,16505,21325,10837,17724,12391,11101,22073,16295,7279,6835,12314,3328,20415,12413,18305,9527,16455,13822,15540,15814,16427,17532,19227,857,6313,17589,17531,21410,17224,8091,15215,15594,7759,16544,7839,16927,16553,17773,18082,10696,7824,9775,11439,10486,19447,14499,17762,11844,13668,15444,17651,16750,10512,12673,18455,7976,11664,0,11740,4753,16570,16986,16298,12249,12459,8092,16942,10838,8514,15399,12222,2533,12554,15373,17662,10589,11527,12391,11837,17912,11415,2103,13649,8608,16010,14898,17239,16223,14106,10685,18895,19505,14356,7313,8734,11324,17091,16316,2147,5990,10066,16176,7015,5273,16463,17313,20294,10965,6922,16888,6937,11846,1316
16386,5822,7999,12870,14979,8162,19055,7399,7367,6493,1354,9522,19949,24867,6495,13280,13887,6169,18832,6340,4996,6617,15575,8822,19149,12117,18492,6464,19997,15318,19031,19356,8689,21074,19414,11675,9605,10939,11610,24952,20262,4983,18706,18459,5251,15938,6703,14897,12109,10909,10664,12728,7950,3710,9576,10810,19500,11583,11388,8928,7084,15631,9913,8384,6169,6920,15283,6840,6065,11769,0,8530,18398,9455,8066,14706,6336,9346,11021,11769,12284,15586,13502,11034,5346,14740,21204,8697,12591,15662,5409,14352,13270,13496,11457,7413,11566,17763,17426,11467,11190,12181,22437,23048,7705,7297,8396,9491,16485,19806,11582,7827,11902,10256,6509,6977,7059,16057,23836,12350,8277,7622,6803,2970,12809
16424,7159,12250,6674,6984,13774,10836,5317,4948,11282,10325,6350,11776,16595,10558,17444,8226,10822,18729,13927,4658,6556,7585,2555,16424,13762,14140,9247,11726,9657,10811,11084,16147,12802,15062,5261,1854,17310,14187,16680,12495,6746,10486,11134,4993,12553,4495,13164,16273,14429,17802,14179,4062,9081,11159,12363,15281,10898,17483,8501,13388,11279,17371,16470,10232,12394,15111,4632,11384,5394,9721,0,12111,13642,12954,7789,9116,3982,13598,13531,3785,11234,15264,4837,12275,11610,12932,10309,14353,7662,8493,14568,14869,7121,13369,5264,15730,10438,13074,15943,10762,6520,14165,14776,14076,3969,4972,11045,13100,11587,5385,5710,13549,12833,4393,4994,16184,13393,15565,14111,7111,13544,6657,11545,6612
12736,14803,22116,17872,6147,20382,4772,12416,11629,20860,18472,9689,4362,11706,20423,27310,5385,20375,15215,20987,14012,16777,5734,13752,9063,24142,6646,19628,7836,3759,4494,7667,25331,9741,6270,16459,10351,26587,14328,11379,5029,16121,4443,4177,13382,7251,12488,9219,26139,16930,27079,24707,11106,18097,21539,22743,7413,12325,26760,13409,22628,6596,26555,25654,20098,21914,12275,11942,20814,16592,18472,12195,0,18270,19678,5164,15895,9578,15190,23911,9641,5298,25644,16035,21514,9213,7508,20689,24733,5756,15272,11191,25249,18319,23749,12271,25596,3771,4797,25809,12972,7874,8132,9475,23316,11900,10494,21425,6985,6121,16583,16593,24044,15082,13502,15374,24673,8579,11417,24492,17995,20323,16710,20297,17810
11269,8899,16066,18117,17988,2373,19523,9256,10045,14746,8449,11373,20418,27290,15179,21347,16004,14808,13715,4466,11367,15010,18585,13949,14031,20889,14836,15249,22648,16239,20238,22366,14140,24083,15374,16922,13173,16773,4378,27375,20730,12595,19194,18928,10666,12422,9958,10738,19939,2467,16248,21501,11206,12483,18361,19595,15239,10617,18437,9260,14449,13510,15386,13748,14954,14988,10165,10095,14132,17015,9294,13197,18029,0,1920,16862,4887,12566,3377,20554,15781,14546,22287,16280,13413,12043,23565,17470,21376,18671,6484,9234,22043,18743,20242,8676,19432,18521,15267,19025,10791,14628,24188,25471,14694,10694,10737,18276,11925,21765,16828,15150,20687,3650,11735,13953,12422,10939,26308,21135,17062,3110,14944,11756,18055
12720,7689,14658,17361,17231,1247,20882,8500,9288,13337,7120,10617,21777,27120,13771,19939,15247,13400,15166,3341,10158,13831,17828,13193,15483,19561,16288,13921,22250,16717,21283,21609,12732,23327,16826,16165,12417,15365,5880,27205,22089,11385,20553,20286,9457,13873,9202,12190,18531,3993,14840,20173,10450,11155,17033,18266,16691,11158,17029,8504,13041,14961,13978,12339,13626,13579,11617,9339,12724,16259,7955,12441,19481,2175,0,16106,5314,11810,4879,19226,15025,15998,20959,15524,12005,13495,23457,16141,20048,17915,5681,10686,20715,17986,18914,7920,18024,19591,16718,17617,10766,13872,24690,25301,13285,9938,9980,16948,13377,22059,16072,14232,19359,5102,10939,13035,11014,12391,26089,19807,15734,1984,13764,10348,17299
13478,11514,18827,13945,5233,17263,5238,9127,8339,17571,15182,6400,6133,13005,17134,24021,2139,17086,15925,17697,10723,13488,4820,9826,10889,20853,8147,16338,8363,2732,5953,8195,22041,10040,8966,12533,6425,23297,14593,13090,6445,12832,4909,4643,10092,7367,9199,8844,22849,17194,23790,21418,7817,14807,18250,19454,9511,11570,23470,10217,19339,6093,23265,22365,16808,18624,12539,8653,17525,12665,15183,8269,5189,17131,16443,0,12605,6289,15455,20622,7315,4788,22354,12109,18225,6641,9279,17400,21444,4842,11982,11456,21960,14393,20460,8982,22306,4069,6881,22519,11865,4585,9903,11186,20027,8611,7205,18136,7424,7480,12657,12982,20754,15346,10212,11827,21383,8207,12023,21202,14383,17034,13421,17007,13884
10627,4371,13963,13451,13322,6225,16973,4590,5379,12413,5584,6707,17867,23211,12270,19157,11338,12020,13074,6945,6839,10345,13919,9283,13390,17540,14195,12238,18341,12808,17374,17700,13503,19418,14733,12256,8508,16136,5590,23296,18180,8386,16644,16377,6064,11781,5293,10097,17985,5832,15611,18152,6540,9618,15107,16311,14598,7249,17498,4594,13194,12238,14749,13110,11944,13030,9524,5430,12175,12349,6501,8531,15888,5045,5405,12197,0,7901,5001,17479,11116,12632,19212,11615,11456,10406,19548,14121,18301,14005,1819,8593,18694,14077,17232,4010,17442,15681,14472,17577,6856,9963,20781,21391,13815,6029,6071,14993,11284,18150,12163,10485,17611,4235,7070,9287,11785,10298,22180,18059,12419,5996,10278,9080,13390
13107,6551,12981,9615,6259,12547,10003,4164,2749,11725,9942,2827,10897,16147,11288,18175,4835,11240,15553,12735,5091,7899,6855,5496,13032,15264,10748,10750,11277,6265,10311,10636,16195,12354,11670,8202,2339,17451,12961,16232,11210,6986,9674,9407,4246,9161,3353,9641,17003,13203,17943,15829,1971,8961,12661,13865,11890,7375,17624,5879,13493,7887,17419,16519,10962,12778,12168,2807,11679,8335,9337,3939,9345,12416,11727,5654,7889,0,12372,15033,4052,7843,16766,7778,12379,8087,12484,11811,15855,6942,7266,11073,16371,10062,14871,4019,16460,8711,9683,16673,7670,3129,13717,14328,14181,2998,1668,12547,9708,11086,8326,7715,15166,11606,4624,6496,16143,10001,15116,15614,9117,12318,7832,11161,9553
8295,9145,18369,18225,17505,5508,16550,9364,10153,17049,10351,11482,17444,24317,17038,23650,13509,16788,10741,7333,11613,15119,17092,14057,11057,22314,11862,17006,19675,13265,17265,19506,16443,21519,12400,17030,13282,19076,1488,24402,17757,13160,16221,15954,10838,9448,10067,7764,22242,2048,18551,22926,11314,14386,19881,21085,12266,7643,20740,9368,16752,10536,17689,16051,16712,17291,7192,10204,16435,17123,11269,13305,15055,3409,4817,14995,4995,12675,0,22253,15890,11572,23986,16389,15716,9069,20591,18895,23075,17114,6593,6261,23468,18851,22000,8784,21735,15548,12293,21328,7817,14737,21215,22497,16996,10803,10845,19767,8952,18791,16937,15259,22386,1410,11844,14061,14725,7966,23334,22833,17193,6245,15052,13848,18164
24882,13703,6880,10348,19768,19203,23619,13730,13617,6369,12395,15553,24560,29379,5800,9937,19239,6320,27187,17381,11201,7656,20368,11006,25840,5911,24508,6295,24509,20669,23595,23868,11950,25586,25430,12461,14368,11682,22645,29464,25279,9785,23270,23626,11865,21969,12953,22347,8765,21950,12438,4036,13632,8368,2813,2305,25531,19613,10128,16959,8780,21647,12246,12273,5746,7029,23569,13090,6831,12181,11505,12808,23749,20496,19107,20058,17377,14888,22056,0,16568,21603,2863,10966,8527,20793,25716,4464,1926,20445,16450,23026,4676,12114,4154,13722,8222,22930,23443,8435,19220,17533,26949,27560,9002,12427,14412,3091,22516,24370,11044,8092,1385,21291,11232,9416,12480,22734,28348,1364,7120,18663,8230,10228,11842
16599,10083,15806,10230,3875,16069,7727,7649,6392,14812,13028,6249,8667,13487,14114,21000,7537,14326,19045,16267,7823,10112,4476,6110,15735,17318,13451,12803,8617,8968,7702,7976,19282,9693,13852,8817,3021,20538,16482,13572,9386,10073,7377,8135,7333,11864,6827,12936,19829,16724,21030,17735,5527,12048,14715,15919,14593,10867,20711,9371,16579,10590,20506,19606,13788,15865,15660,6450,14766,8950,12424,4553,9974,15937,15249,7094,11411,4217,15893,17087,0,10545,18820,8393,15466,11139,9823,13865,17909,4553,10788,14565,18425,10677,16925,7596,19286,7372,11950,19499,11162,5832,11057,11667,17268,5947,5310,14601,12411,8478,8941,9266,17105,15128,7212,8548,19229,12704,12456,17667,10667,15840,10213,14248,10168
9750,11732,19239,16702,7394,16918,6688,9345,8557,17983,15400,6618,7583,14455,17546,24433,3156,17498,12196,17915,11349,14658,6981,12534,6986,22024,4244,17461,9814,2443,7403,9645,22454,11657,5063,15344,9426,23710,10864,14540,7895,13244,6359,6093,10504,3787,9730,5755,23262,13465,24202,22589,8542,15219,19421,20625,5607,8860,23882,9469,19751,3131,23678,22777,17220,19036,8811,9224,17937,15476,15595,11080,5194,14806,16214,4501,12823,7877,11726,21792,10316,0,23525,14866,18637,5748,10730,18571,22615,7003,12200,7727,23131,17204,21631,9200,22719,5687,2978,22932,9507,6173,11353,12636,20439,9569,7633,19307,3521,8930,15414,14523,21925,11618,11383,13304,21601,5115,13473,22373,15924,17252,14592,17419,16641
26754,15574,7614,11053,21639,21074,25491,15601,15489,8240,14266,17425,26431,31250,7672,10258,21110,8191,29059,19252,13073,9528,22240,12878,27712,7059,26380,8167,26380,22541,25466,25739,13160,27457,27302,13166,16239,12379,24517,31335,27150,11657,25141,25497,13736,23841,14824,24219,9463,23821,13635,4722,15503,10240,4684,4176,27402,21484,10825,18830,10652,23519,13455,13483,7617,8901,25441,14961,8702,12886,13376,14679,25621,22367,20978,21929,19248,16760,23928,2589,18439,23474,0,11671,10399,22665,27587,6336,1372,22316,18321,24898,4634,12820,4852,15593,8920,24801,25314,9133,21092,19404,28820,29431,10873,14298,16283,4962,24387,26242,11749,9963,2578,23162,13104,11287,14351,24605,30219,1753,8991,20534,10102,12100,12548
19021,9033,10949,2040,11149,16370,15001,7913,7756,9980,11649,9365,15941,20760,9256,16143,11827,9520,21326,15547,6532,5464,11750,2745,19668,11295,17740,7697,15890,13257,14976,15249,15133,16967,18662,2862,5749,16008,16783,20845,16660,7343,14651,15029,7011,15797,7091,16179,14972,17025,16500,9578,7077,8482,9609,9368,18882,13751,16181,11097,12375,14880,16308,15457,8930,11092,17708,7228,10370,2581,10992,4189,16006,16238,15550,11684,11712,7527,16195,9719,7949,14835,11103,0,11261,14625,17097,8759,10408,11826,11089,17165,10296,3423,11819,7860,14429,14333,16675,14642,13359,10121,18330,18941,13063,6565,7987,9495,16344,15751,858,4195,8948,15429,6267,4526,15170,16566,19729,9846,4892,16141,5819,10553,2324
21716,10035,3406,12993,18062,12515,22072,10483,10451,2581,6800,12606,23012,27831,3014,8667,16971,2643,24021,10693,8080,5949,18659,9459,22893,11054,21576,4657,22961,18401,22047,22320,4712,24038,22498,11989,12688,5869,17057,27916,23346,6147,21722,21543,8334,19022,9787,19400,7231,15371,6361,10423,11034,4117,6294,7528,22584,16446,6042,13792,1863,18715,5936,5036,3554,1975,20403,9924,1967,12082,5739,11260,21481,13917,12528,17790,11782,12430,16060,8487,15020,18670,10220,11157,0,17846,24168,7378,9309,18745,10855,19798,11141,13810,7694,10555,6724,20847,20510,6317,16054,15265,25401,26012,2552,10381,11479,6209,19569,22823,11705,7220,8620,15702,9592,7868,4775,19787,26800,9068,7239,11975,6299,4462,13123
7558,10810,18441,16664,10730,14726,10399,8547,7760,17185,13870,5820,11293,18166,16749,23635,4596,16700,10004,15985,10551,13984,10317,12496,6454,21349,5822,16663,13524,6201,11114,13356,21656,15368,6360,15468,10028,22912,8672,18251,11606,12447,10070,9803,9707,2583,8932,2648,22464,11273,23404,21914,8021,14422,18746,19950,6225,6668,23085,6782,18953,2832,22880,21397,16423,18239,6619,8426,17140,15562,14787,11280,8904,12614,14022,6082,10607,8210,9534,21118,11132,5422,22851,14827,17840,0,14440,17896,21940,10339,9984,5535,22456,17289,20956,8402,21921,9397,6142,22134,7315,7007,15064,16346,19641,9146,6988,18632,3130,12640,15375,14124,21251,9426,10709,12926,20071,2311,17184,21699,15886,15036,13917,16622,16602
18346,17951,24256,18904,6071,23826,4863,15564,14276,23108,21325,14006,5106,4687,22563,29450,10278,22623,20792,24135,16120,18729,6665,14785,15395,25992,12840,21477,2552,8795,4621,3378,27579,5153,12603,17491,11384,28835,19460,4360,5099,18369,4523,5548,15630,12383,14893,14351,28279,22061,29327,26409,13587,20345,23389,24593,13746,17456,29007,17129,24876,11727,28803,27902,22237,24162,17407,14423,23062,17624,20720,13228,8566,23402,23006,9058,19168,12083,20322,25761,9369,10430,27494,17067,23762,14344,0,22539,26583,6061,18545,16323,27099,19351,25599,15419,27736,5339,10926,27949,18103,12479,1845,2456,25564,14013,13068,23275,12117,2452,17615,17940,25779,20214,15509,16957,27526,13711,5448,26341,19341,23597,18662,22544,18842
21595,10252,6293,10119,16480,16397,20332,10442,10330,5457,9589,12266,21272,26091,4601,11488,15951,4997,23900,14575,7914,4369,17081,7719,22553,3958,21221,3360,21222,17382,20307,20581,11357,22298,22143,10249,11080,11353,19358,26176,21991,6450,19982,20338,8552,18682,9666,19060,10316,19144,11845,4451,10344,5352,3512,2925,22243,16325,11526,13671,8188,18360,11653,11681,4275,6437,20282,9803,5919,10343,8699,9520,20462,17690,16301,16771,14286,11601,18769,4363,13281,18315,6534,8282,7513,17506,22428,0,5623,17158,13400,19739,4993,11395,6208,10435,9773,19643,20155,9986,15933,14245,23661,24272,8409,9139,11124,3704,19229,21083,8830,4804,4496,18003,7945,6129,11760,19446,25061,5076,3833,15857,4943,7422,10296
25857,14677,6798,10773,20742,20177,24594,14704,14592,7343,13369,16528,25534,30354,6775,9818,20213,7294,28162,18355,12176,8631,21343,11981,26815,6336,25483,7270,25484,21644,24569,24843,12344,26561,26405,12886,15342,11563,23620,30439,26253,10760,24244,24601,12840,22944,13928,23322,8647,22924,12820,4461,14606,9343,3787,3279,26506,20587,10009,17933,9755,22622,12639,12667,6720,8004,24544,14065,7806,12606,12479,13782,24724,21470,20082,21033,18351,15863,23031,1692,17543,22577,1415,11391,9502,21768,26691,5439,0,21420,17424,24001,5067,12539,4036,14697,8104,23905,24417,8317,20195,18508,27924,28534,9976,13401,15386,4065,23491,25345,11469,9066,1825,22265,12207,10391,13455,23709,29323,582,8095,19637,9205,11203,12268
15023,12618,18923,13571,742,18493,3771,10231,8943,17775,15992,8673,4711,9831,17230,24117,6017,17290,17469,18802,10787,13396,870,9451,12259,20659,9517,16144,4961,4942,3746,4320,22246,6038,9505,12158,6050,23502,16137,9916,5430,13036,3421,3921,10296,9060,9560,11028,22945,18739,23994,21076,8254,15011,18056,19260,10648,13291,23674,11796,19543,8405,23470,22569,16904,18828,14084,9090,17729,12291,15387,7894,5628,18361,17673,4797,13835,6750,16999,20428,4345,7107,22161,11734,18429,10475,6168,17206,21250,0,13212,13000,21766,14018,20266,10086,22402,3050,7603,22615,13586,8219,7401,8012,20231,8680,7735,17942,8794,4522,12282,12607,20446,16891,10176,11624,22193,10388,8800,21008,14008,18264,13329,17211,13509
11643,3252,12504,12793,12664,6567,16314,3932,4720,10989,4159,6049,17209,22552,10811,17698,10680,10561,14089,7005,5721,9655,13260,8625,14402,16318,14440,10780,17682,12149,16716,17041,12078,18759,15188,11597,7849,14711,6981,22637,17521,7267,15985,15719,5020,11492,4634,9904,16527,7223,14186,16930,5882,8193,13892,15126,15053,6590,16073,3936,11770,11579,13324,11686,10486,11606,10539,4771,10750,11691,5076,7873,15229,6435,5747,11538,1909,7242,6392,16085,10457,11974,17818,10956,10031,9747,18889,12899,16908,13347,0,9608,17472,13418,15773,3352,15984,15023,13814,16152,6198,9304,20122,20733,12390,5370,5412,13808,12038,17491,11504,9795,16218,5626,6411,8597,10360,11223,21521,16666,11729,6338,9588,7656,12731
2744,11352,20505,19222,13677,11357,12722,10361,11150,19249,13570,10472,13616,20489,18812,25699,9681,18764,5190,13169,12625,16115,13264,15054,5551,23481,7144,18727,15847,9437,13437,15679,21489,17691,6998,18027,14279,24122,5303,20574,13929,14510,12393,12126,11678,5620,11063,3936,24528,7904,23597,24046,12052,16485,20878,22082,6805,3940,25148,6635,21017,6708,22735,21097,18486,20303,1805,11200,19203,18120,14487,14302,11227,9245,10653,11167,8438,12636,6165,23249,15848,7745,24982,17385,19442,5366,16763,20028,24072,13286,9411,0,24588,19848,23088,9781,23985,11720,8465,24198,4114,12092,17387,18669,21705,11799,11019,20763,5124,14963,17933,16256,23382,6057,12840,15058,19771,4138,19506,23830,18190,12094,16049,17067,19161
26292,15056,9456,9834,21178,20925,25029,15140,15027,8944,14117,16963,25970,30789,8376,13253,20649,8895,28597,19103,12611,9066,21778,12416,27250,5019,25918,7779,25919,22079,25005,25278,14526,26996,26840,11947,15778,14521,24055,30874,26689,11254,24680,25036,13275,23379,14363,23757,12082,23672,15013,1007,15042,9880,5493,4058,26941,21023,13444,18369,11356,23057,14821,14849,8321,9605,24979,14500,9407,11667,13227,14218,25159,22218,20829,21468,18939,16298,23466,4409,17978,23013,4879,10452,11103,22203,27126,5142,5036,21855,18005,24436,0,11601,7471,15132,11539,24340,24852,11752,20630,18943,28359,28969,11577,13837,15822,5739,23926,25780,10530,9502,3576,22701,12642,10826,15056,24144,29758,4474,8530,20385,9640,11951,11329
21283,11295,14044,2618,13228,18632,17079,10175,10018,13076,13911,11627,18020,22839,12352,19239,13905,12616,23588,17809,8794,8350,13829,4842,21930,13176,19819,10797,17969,15336,17055,17328,17941,19046,20741,1838,7828,19104,19045,22924,18739,9605,16730,17108,9273,18059,9353,18441,18067,19287,19596,11459,9339,11289,12685,11249,20961,16013,19277,13359,15182,16958,19165,18265,12026,14188,19970,9490,13178,1914,13254,6268,18085,18500,17812,13763,13974,9606,18456,11601,10028,16914,12985,3427,14069,16887,19176,11859,12290,13905,13351,19427,12178,0,14725,10122,17524,16412,18753,17737,15621,12200,20409,21020,15871,8827,10249,12595,18606,17830,3041,7295,10830,17691,8529,6788,17978,18828,21808,11728,7992,18403,8451,13360,1254
25087,13908,4497,13090,19973,19048,23824,13935,13822,6206,12240,15758,24765,29584,5638,6929,19444,6157,27392,17226,11406,7861,20573,11211,26045,8653,24713,6500,24714,20874,23800,24073,9454,25791,25635,13741,14573,8674,22497,29669,25484,9631,23475,23831,12070,22174,13158,22552,5758,21795,9930,6778,13837,8214,3690,4169,25736,19818,7120,17163,7599,21852,9750,9778,5752,5848,23774,13295,6668,13835,11350,13013,23954,20341,18952,20263,17222,15093,21908,3775,16773,21808,4771,11775,7659,20998,25921,6264,4074,20650,16295,23231,7418,14856,0,13927,5215,23135,23647,5428,19425,17738,27154,27764,7821,12632,14617,3908,22721,24575,12323,8297,4127,21142,11437,9621,11232,22939,28553,3832,7325,18508,8435,10074,13788
11254,3297,11697,10346,10217,8603,13984,1485,2274,10441,6456,3748,14879,20106,10004,16891,8386,9956,13559,8971,3807,7239,10814,6178,13302,14605,12379,9918,15236,9856,14269,14595,14375,16312,13127,9150,5402,16167,9017,20190,15191,5702,13655,13389,2958,9431,2187,9299,15719,9258,16484,15170,3435,7677,12002,13205,12992,5984,16340,3330,12209,9518,15622,13983,9678,11494,9941,2324,10395,9244,7373,5426,12936,8471,7783,9245,3945,4795,8428,14373,8010,9896,16106,8509,11095,8181,16442,11152,15195,10900,3322,9398,15712,10972,14212,0,15176,12693,11735,15389,5592,6920,17676,18286,12897,2923,2966,11887,9978,15044,9057,7379,14506,7662,3964,6182,12657,10122,19075,14954,9314,8374,7173,9877,10284
25787,14105,4642,15938,21739,18663,25591,14553,14521,6371,12405,16677,26531,31351,5803,2299,21041,6322,28092,16841,12151,9468,22340,12978,26964,12116,25647,7071,26481,22472,25566,25840,6343,27558,26568,15508,16339,4988,22662,31436,27250,9796,25241,25598,12405,23093,13857,23471,641,21518,6244,10241,15105,8379,6973,7632,26654,20517,2873,17863,5759,22786,6097,6666,5917,5226,24474,13994,6461,15602,11515,14779,25552,20064,18675,21861,17388,16501,22073,7239,18540,22741,8234,14102,6747,21917,27688,9727,7537,22417,16460,23930,10881,17215,4574,14626,0,24902,24581,893,20124,19336,28921,29531,5730,14398,15550,7191,23640,26342,14650,10624,7590,21308,13204,11388,8913,23858,30320,7296,9652,18123,9818,10239,16115
13574,14659,21601,16420,3607,20408,1502,12272,11386,20450,18327,9544,2397,9266,19909,26795,5362,19965,16020,20842,13462,16075,3194,12301,10810,23440,8068,18925,4624,4024,2214,4283,24921,6000,8056,15007,8900,26176,14688,9351,3308,15711,1170,1505,12971,7611,12154,9579,25624,17290,26669,23925,10772,17686,20837,22041,9199,12685,26349,13396,22218,6956,26144,25244,19583,21503,12635,11608,20404,15140,18062,10744,3795,18631,19588,4143,15750,9262,15550,23209,7057,5659,24942,14583,21104,9573,5540,19987,24031,3216,15127,11551,24547,16867,23047,12126,25081,0,6154,25294,13332,7564,6164,7447,22906,11355,10178,20723,7345,3741,15131,15456,23295,15442,12850,14302,24528,8939,8284,23789,16858,20179,16008,19886,16358
9931,13580,21087,18495,7988,17099,7032,11193,10406,19832,17249,8466,7927,14799,19395,26281,4895,19346,12377,18911,13197,16507,7575,14376,6359,23872,3943,19309,10158,3748,7747,9989,24302,12001,3567,17083,11165,25558,11045,14884,8239,15093,6703,6437,12353,3968,11578,5936,25110,13646,26050,24438,10390,17068,21270,22473,4710,9041,25731,11318,21599,3312,25526,24626,19069,20885,8992,11073,19786,17215,17444,12819,4628,14987,16395,6240,14181,9616,11907,23641,11481,2124,25374,16658,20486,5929,11074,20419,24463,7597,14049,7908,24979,18943,23479,11048,24567,6031,0,24780,9688,7912,11698,12980,22288,11418,9481,21155,3702,9274,17206,16372,23774,11799,13232,15153,23450,5296,13817,24222,17773,17836,16440,19268,18433
26072,14391,4525,16224,22025,18380,25876,14839,14807,6297,12691,16962,26817,31636,6088,2632,21327,6275,28377,16558,12436,9753,22625,13263,27249,12401,25932,7356,26766,22757,25852,26125,5919,27843,26854,15794,16625,4310,22925,31721,27536,10081,25527,25883,12690,23378,14143,23756,1190,21235,5567,10526,15390,8665,7258,7918,26940,20802,2235,18148,5336,23071,5420,6243,6203,5096,24759,14280,6331,15887,11680,15065,25837,19782,18393,22146,17673,16786,21925,7524,18825,23026,8520,14387,6323,22202,27973,10012,7822,22702,16746,24216,11166,17500,4860,14912,935,25187,24866,0,20410,19621,29206,29817,5307,14684,15835,7476,23925,26627,14935,10909,7875,21593,13489,11673,8489,24143,30605,7581,9937,17840,10104,10404,16401
6167,7559,16712,15429,14584,12120,14142,6568,7356,15456,9880,7832,15037,21909,15019,21906,8767,14971,8613,12395,8832,12322,14488,11261,8786,19687,9565,14933,17268,10373,14857,17099,17799,19111,10103,14233,10485,20432,6950,21994,15349,10717,13813,13547,7885,6327,7270,4436,20734,9551,19907,20253,8518,12692,17085,18288,9969,804,21355,2990,17224,6575,19045,17407,14693,16509,5210,7407,15410,14327,10797,10509,12648,10892,11301,10253,7462,9177,7811,19456,12390,9165,21189,13592,15752,4279,18184,16235,20278,14510,6840,4133,20794,16054,19294,5988,20191,13141,9886,20404,0,11088,18808,20090,17912,8006,7561,16970,6681,16384,14140,12462,19589,7703,9047,11265,16081,5695,20927,20037,14397,11891,12255,13377,15367
14030,7625,14363,10705,6460,13500,8891,5238,3950,13108,11294,2788,9786,16348,12671,19557,3723,12622,16476,13809,6260,9024,7056,6585,12085,16390,9801,11875,11478,5154,9606,10837,17578,12555,10723,9292,3375,18834,13913,16433,10098,8369,8562,8296,5629,8214,4736,9373,18386,14155,19326,16955,3354,10344,13787,14990,10943,8298,19007,6802,14875,6940,18802,17902,12345,14161,13091,4190,13062,9425,10720,5028,8234,13368,12680,4543,8842,1826,13324,16158,4265,6895,17891,8868,13762,7488,12685,12937,16980,7143,8219,11996,17497,11152,15997,5093,17843,7600,8735,18056,8593,0,13556,14529,15564,4147,2741,13672,8761,11133,9416,8841,16291,12559,5749,7622,17495,9054,15317,16739,10242,13271,8958,12544,10643
18745,19326,25630,20278,7445,25200,4967,16939,15650,24483,22699,15235,4782,4954,23938,30824,11053,23997,21224,25509,17494,20104,8039,16159,15072,27366,12655,22852,3927,9570,4414,4752,28953,5915,12279,18866,12758,30209,20235,4083,4425,19744,4945,5554,17004,13157,16268,15125,29653,22836,30701,27783,14961,21719,24764,25967,13422,18231,30382,18503,26250,12502,30177,29277,23612,25536,18181,15797,24437,18998,22095,14602,8585,24177,24381,9833,20542,13458,21097,27135,10743,11205,28868,18442,25137,15119,1706,23913,27957,7435,19920,17098,28473,20726,26973,16794,29110,6114,11701,29323,18878,13254,0,2498,26939,15388,14442,24649,12892,3826,18990,19315,27153,20988,16883,18331,28900,14486,5715,27716,20716,24971,20037,23919,20217
20131,20040,26344,20992,8159,25914,6354,17652,16364,25196,23413,16094,6168,2863,24651,31538,12366,24711,22610,26223,18208,20817,8753,16873,16458,28080,14041,23565,4504,10883,5800,5261,29667,4525,13665,19579,13472,30923,21548,2536,6108,20458,6331,6940,17718,14471,16982,16439,30367,24149,31415,28497,15675,22433,25477,26681,14808,19544,31096,19217,26964,13815,30891,29990,24325,26250,19495,16511,25150,19712,22808,15316,9971,25490,25094,11146,21256,14171,22410,27849,11457,12518,29582,19155,25850,16432,2420,24627,28671,8149,20633,18411,29187,21439,27687,17507,29824,7427,13014,30037,20191,14567,2781,0,27652,16102,15156,25363,14205,4540,19703,20028,27867,22302,17597,19045,29614,15799,3624,28430,21430,25685,20751,24633,20930
23512,11831,3845,14789,19859,13962,23868,12279,12247,3942,8852,14402,24808,29628,4437,7265,18767,4318,25817,12140,9876,7745,20455,11255,24689,12380,23372,5983,24758,20198,23843,24117,3481,25835,24294,13785,14485,3477,18507,29713,25142,7943,23518,23339,10131,20818,11583,21197,5829,16817,3969,11143,12830,5913,7015,8248,24380,18242,4640,15588,717,20511,3777,3805,4830,2900,22199,11720,3764,13879,7811,13056,23278,15363,13974,19586,13855,14226,17506,9208,16817,20466,10941,12953,2556,19642,25964,8704,10030,20542,12928,21656,11862,15606,7856,12352,5322,22643,22306,4915,17850,17061,27198,27808,0,12177,13276,6930,21365,24619,13501,9016,9341,17729,11389,9665,4234,21583,28597,9789,8565,13422,8095,6535,14919
13105,4459,10653,8778,8516,10454,12592,1998,1721,9397,7614,3569,13533,18404,8960,15847,7537,8912,15410,10642,2409,5671,9112,4610,13855,13036,12524,8522,13534,8968,12568,12893,13868,14611,13445,7582,3424,15124,10868,18489,13912,4658,12243,12110,1918,9984,1176,10363,14676,11110,15616,13602,1647,6633,10434,11637,13546,7836,15296,5181,11165,9663,15092,14191,8634,10450,11792,1313,9351,7676,7009,3858,12048,10323,9635,8357,5796,3180,10279,12805,6052,9618,14538,6941,10051,8809,14741,9583,13627,9199,5174,11249,14143,9403,12643,1945,14133,11414,11458,14346,7443,5831,15974,16585,11853,0,2427,10319,10531,13343,7489,5811,12938,9514,2396,4614,13815,10749,17373,13386,7745,10225,5604,8833,8716
11746,4959,11949,9763,7327,10955,11095,2572,1284,10694,8628,1466,11989,17216,10257,17144,5926,10208,14192,11143,4059,7492,7924,5595,11770,14857,10356,10171,12346,7357,11379,11705,15164,13423,11278,8568,3630,16420,11369,17301,12301,5955,10765,10499,3215,7899,2440,8281,15972,11610,16912,15423,1121,7930,12255,13458,11460,6014,16593,4519,12461,7495,16388,15488,9931,11747,10807,1935,10648,8662,8306,4380,10437,10823,10135,6746,6297,1905,10780,14626,5120,7450,16359,7927,11348,6727,13552,11405,15448,8010,5674,9712,15964,10389,14464,2427,15429,9803,9290,15642,6309,4213,14786,15396,13150,2246,0,12140,8445,12155,8475,7584,14759,10014,4217,6365,14829,8667,16185,15207,8985,10726,7425,10130,9702
22461,11282,4756,10985,17346,17021,21198,11309,11196,4244,10212,13132,22139,26958,3676,9159,16817,4195,24766,15199,8780,5235,17947,8585,23419,6782,22087,3874,22088,18248,21173,21447,9825,23165,23009,11115,11946,9821,20224,27043,22857,7386,20848,21205,9444,19548,10532,19926,7988,19767,10313,5028,11211,5975,433,1938,23110,17192,9351,14537,6656,19226,10121,10149,3621,4905,21148,10669,4707,11209,9323,10386,21328,18313,16925,17637,15034,12467,19635,3117,14147,19181,4850,9149,6403,18372,23295,3689,3939,18024,14101,20605,5747,12262,3919,11301,7445,20509,21021,7658,16799,15112,24528,25138,6877,10005,11991,0,20095,21949,9697,5670,3250,18869,8811,6995,10355,20313,25927,3698,4699,16480,5809,8046,11162
6477,12742,20249,18471,9317,14297,8362,10355,9568,18993,16112,7628,9256,16129,18556,25443,5998,18508,8923,16109,12359,15792,8904,14303,3539,23157,3113,18471,11487,5077,9077,11319,23464,13331,3651,17276,11512,24720,8243,16214,9569,14255,8033,7766,11515,1743,10740,3134,24272,10844,25212,23722,9829,16230,20554,21758,3517,6239,24893,8767,20761,2376,24688,23639,18231,20047,5538,10234,18948,17370,16605,13018,6867,12185,13593,7483,11379,9694,9105,22926,12534,3385,24659,16635,19648,3392,12403,19704,23748,8926,12281,5106,24264,19097,22764,10210,23729,7360,4105,23942,6886,8409,13027,14309,21449,10954,8796,20440,0,10603,17183,15932,23059,8997,12517,14734,22313,2494,15147,23507,17693,15034,15725,18430,18410
16736,16748,23052,17700,4867,22622,3028,14361,13072,21905,20121,12802,2843,6855,21359,28246,8668,21419,19182,22931,14916,17525,5266,13581,13132,24788,10716,20274,2626,7185,2474,3001,26375,5097,10339,16288,10180,27631,17850,6940,2782,17166,2913,3614,14426,10773,13690,12741,27075,20452,28123,25205,12383,19141,22185,23389,11482,15847,27804,15925,23672,10118,27599,26699,21034,22958,15797,13219,21859,16420,19517,12024,6645,21793,21802,7448,17964,10880,18712,24557,8165,8821,26290,15863,22559,12735,3116,21335,25379,4662,17341,14713,25895,18148,24395,14215,26532,3730,9316,26745,16494,10870,3740,5036,24361,12810,11864,22071,10507,0,16411,16736,24575,18604,14305,15753,26322,12101,5896,25138,18138,22393,17459,21341,17639
19259,9272,11187,2232,11387,16608,15239,8152,7994,10219,11888,9603,16180,20999,9495,16381,12065,9759,21564,15786,6770,5702,11988,2984,19906,11487,17979,7936,16129,13496,15214,15488,15372,17206,18901,2596,5987,16247,17022,21084,16899,7582,14889,15268,7250,16035,7330,16418,15210,17264,16739,9770,7315,8720,9848,9560,19121,13990,16419,11335,12613,15118,16547,15696,9169,11331,17946,7467,10609,2316,11231,4427,16244,16477,15789,11923,11950,7766,16433,9912,8188,15073,11296,561,11500,14864,17336,8998,10601,12065,11328,17403,10489,3158,12058,8099,14667,14572,16913,14880,13597,10360,18569,19179,13302,6803,8225,9733,16582,15990,0,4434,9140,15667,6506,4764,15409,16804,19968,10038,5130,16379,6057,10791,2058
17995,6816,7134,5981,12098,14499,15950,6843,6730,6166,8505,8666,16890,21710,5442,12328,12040,5706,20300,12677,4315,1476,12699,3337,18953,8398,17621,3883,16840,13471,15925,16199,11146,17917,18543,5867,6698,12194,15758,21795,17609,3707,15600,15979,4978,15082,6066,15461,11157,16000,12686,8963,6705,4494,5795,6999,18644,12726,12366,10072,8387,14760,12370,11469,5116,7278,16683,6203,6382,5961,7633,5138,16551,15213,14283,12633,10687,7690,15169,8166,8899,14716,9899,4144,7273,13906,18046,4945,8988,12776,9964,16139,9505,7257,8005,6835,10614,15283,16556,10827,12333,10335,19280,19890,9075,5540,7525,5680,15629,16701,4692,0,8299,14404,4346,1861,11182,15847,20679,8747,2202,13959,1878,6565,6158
25005,13826,6895,9170,19891,19326,23742,13853,13740,6492,12518,15676,24683,29502,5923,9914,19362,6443,27310,17504,11324,7779,20491,11129,25963,4733,24631,6418,24632,20792,23718,23991,12073,25709,25553,11283,14491,11659,22768,29587,25402,9908,23393,23749,11988,22092,13076,22471,8743,22073,12561,2858,13755,8491,2936,2348,25654,19736,10106,17082,8903,21770,12369,12396,5869,7152,23692,13213,6954,11003,11628,12931,23872,20619,19230,20181,17500,15011,22179,1412,16691,21726,2634,9788,8650,20916,25839,4508,1698,20568,16573,23149,3498,10937,4132,13845,8200,23053,23566,8413,19343,17656,27072,27683,9125,12550,14535,3214,22639,24493,9866,8215,0,21414,11355,9539,12603,22857,28471,1135,7243,18786,8353,10351,10665
7663,7858,17444,16939,16810,5782,15918,8078,8866,15895,9065,10195,16812,23685,15751,22638,12877,15501,10109,7595,10326,13832,16460,12771,10425,21028,11231,15720,19043,12633,16633,18875,16705,20887,11769,15743,11995,19338,1927,23770,17125,11873,15589,15322,9551,8816,8780,7133,21467,2779,18813,21639,10028,13099,18595,19798,11634,7012,20979,8082,16675,9904,17951,16312,15425,16511,6560,8917,15656,15837,9982,12019,14423,3671,5078,14363,3709,11388,1274,20966,14603,10941,22699,15102,14937,8438,19959,17608,21788,16482,5306,5629,22181,17564,20713,7498,20924,14916,11661,21058,7185,13450,20583,21865,17258,9516,9558,18480,8320,18159,15650,13972,21099,0,10557,12775,14986,7334,22703,21547,15907,6519,13765,12562,16877
14585,4172,9532,7545,9087,11934,13164,3478,3320,8564,7338,5256,14104,18976,7840,14726,8325,8103,16890,11035,1671,4006,9684,3377,15543,11371,14167,6856,14106,9756,13139,13465,13347,15183,15089,6350,3689,14592,12348,19061,14508,3777,12814,12706,1769,11672,2656,12050,13555,12590,15084,11936,2989,6113,8768,9972,15234,9315,14764,6661,10644,11306,14571,13670,7514,9675,13272,2793,8666,6443,6734,2826,12836,11803,11114,9145,7276,3975,11759,11140,6270,11261,12873,5709,9530,10496,15313,7918,11962,9770,6654,12729,12478,8171,10978,3425,13012,12010,13101,13225,8923,6620,16546,17156,11332,2129,3899,8654,12219,13915,6257,4146,11272,10993,0,2948,13383,12437,17945,11720,6080,11705,3939,8558,7484
16894,5949,7816,6103,10727,13773,14625,5786,5629,6847,8052,7238,15565,20385,6123,13010,10285,6387,19199,11951,3448,2289,11323,2378,17541,9655,16127,5140,15515,11716,14600,14874,11713,16591,17049,4908,5325,12875,14656,20470,16148,3640,14275,14345,4111,13670,4964,14052,11839,14898,13367,10220,4950,4974,7052,8256,17231,11624,13048,8970,8954,13266,12936,12036,5797,7959,15581,5101,6949,5002,7396,3813,14796,14111,13423,11000,9585,5935,14067,9423,7574,13221,11156,4267,7840,12498,16721,6202,10245,11410,8962,15038,10762,6729,9262,5733,11296,13649,15061,11509,11232,8580,17955,18565,9642,4438,5860,6937,14217,15376,4815,1800,9556,13302,3479,0,11749,14439,19354,10004,3202,13233,2223,7132,6042
20811,10246,7744,16998,20825,10800,24842,12342,13131,7043,5690,14606,25737,30714,7477,11062,19244,7106,23257,8978,10843,9954,21422,13464,23573,15483,23651,9086,25844,20714,24877,25203,3890,26921,24399,15994,15451,6523,15345,30799,26049,10111,24513,24246,11097,20703,12549,19321,9626,13655,5998,14885,13797,7581,10756,11990,24264,16007,8187,13353,4458,20790,5136,3498,7982,6612,19708,12686,6430,16088,5921,14377,23794,12201,10812,20103,10760,15193,14344,12950,18131,20753,14683,15162,5249,19164,27051,11806,13772,21508,9833,18777,15604,17815,11668,11837,9119,23551,22593,8712,15615,17777,28284,28894,4703,13144,13823,10672,21249,25653,15710,11225,13082,14567,12355,11874,0,20482,29683,13530,11615,10260,10304,6315,17128
5535,12198,20209,18432,10825,12704,9870,10315,9528,18954,14519,7588,10764,17637,18517,25403,6225,18468,7982,14516,12319,15752,10412,14264,4658,23117,5182,18431,12995,6585,10584,12826,22438,14838,5720,17236,11739,24680,6650,17722,11076,14215,9540,9274,11475,2768,10700,1540,24232,9251,24546,23682,9789,16190,20514,21718,5586,4646,24853,7174,20721,3856,23684,22046,18191,20007,4596,10194,18908,17330,15436,13048,8375,10592,12000,7711,9785,9921,7512,22886,12761,4892,24619,16595,19608,2547,13911,19664,23708,10434,10757,3513,24224,19057,22724,10170,23689,8868,5613,23902,5293,8636,14535,15817,21410,10914,8757,20400,2272,12111,17143,15892,23019,7403,12477,14695,20720,0,16654,23467,17654,13440,15685,18016,18370
21554,21107,27411,22059,9226,26981,8071,18720,17431,26264,24480,17161,8314,2594,25719,32605,13486,25778,24000,27290,19275,21885,9820,17940,18603,29147,16048,24633,4765,12003,7829,5522,30734,3499,15811,20647,14539,31990,22668,3279,8420,21525,7731,8756,18785,15591,18049,17559,31434,25269,32482,29564,16742,23500,26545,27748,16954,20664,32163,20284,28031,14935,31958,31058,25393,27317,20615,17578,26218,20779,23876,16383,11774,26610,26161,12266,22323,15239,23530,28916,12524,13638,30649,20222,26918,17552,5705,25694,29738,9216,21701,19531,30254,22507,28754,18574,30891,8547,14134,31104,21311,15687,6066,3874,28720,17169,16223,26430,15325,5767,20770,21096,28934,23422,18664,20112,30681,16919,0,29497,22497,26752,21818,25700,21998
25614,14435,6572,10588,20500,19935,24351,14462,14349,7101,13127,16285,25292,30111,6533,9592,19971,7052,27919,18113,11933,8388,21101,11739,26572,6150,25240,7027,25241,21401,24327,24600,12117,26318,26162,12701,15100,11337,23377,30196,26011,10517,24002,24358,12597,22701,13685,23080,8420,22682,12593,4275,14364,9101,3545,3037,26263,20345,9783,17691,9512,22379,12413,12441,6478,7761,24302,13822,7563,12420,12237,13540,24482,21228,19839,20790,18109,15621,22788,1450,17300,22335,1748,11205,9259,21525,26448,5196,582,21177,17182,23758,4916,12354,3809,14454,7877,23662,24175,8090,19952,18265,27681,28292,9734,13159,15144,3823,23248,25102,11283,8824,1640,22023,11965,10148,13212,23466,29080,0,7852,19395,8962,10961,12082
19359,8179,6253,6426,13453,15611,17304,8206,8094,5284,9035,10030,18245,23064,4560,11447,13463,4824,21664,13789,5678,2133,14054,4692,20317,7516,18985,3001,18194,14894,17280,17553,11316,19271,19907,6571,8053,11312,17122,23149,18964,4640,16955,17333,6341,16446,7429,16824,10275,17363,11804,8081,8108,4799,4913,6117,20007,14089,11485,11435,8111,16124,11612,11640,4234,6396,18046,7566,5745,6665,8146,6493,17974,16576,15395,13988,12050,9113,16533,7285,10253,16079,9018,4590,7340,15270,19401,4063,8107,14130,11327,17503,8623,7703,7123,8198,9732,16637,17919,9945,13697,11758,20634,21245,8368,6903,8888,4799,16992,18055,5138,2224,7417,15767,5709,3215,11487,17210,22033,7865,0,15071,2707,6869,6603
13936,8070,14237,17741,17612,1314,21263,8880,9669,12917,6700,10997,22157,27501,13351,19518,15628,12980,16382,2093,10538,13413,18209,13573,16698,19140,17503,13500,22631,17098,21664,21990,12311,23708,18041,16546,12798,14944,6992,27586,22470,10968,20934,20667,9837,15089,9583,13405,18110,4690,14419,19752,10830,10734,16612,17846,17907,11539,16608,8884,12620,16177,13557,11919,13206,13159,12833,9720,12304,16639,7534,12821,20178,2872,1734,16487,5694,12191,5991,18806,15406,16922,20539,15905,11585,14696,23838,15721,19628,18295,6062,11902,20294,18367,18493,8300,17603,19971,17934,17196,11146,14253,25071,25681,12865,10318,10361,16528,14593,22440,16453,14058,18939,6318,11320,12892,10593,13607,26470,19386,15314,0,13347,9927,17680
17702,6195,6072,7552,12588,13495,16439,6550,6437,5103,7104,8373,17380,22199,4379,11266,12059,4643,20007,11673,4021,630,13188,3826,18660,8366,17328,3851,17329,13489,16414,16688,9968,18406,18250,6356,7188,11131,15465,22284,18099,2306,16090,16446,4494,14789,5773,15167,10094,15707,11623,8931,6452,3317,5763,6967,18351,12433,11304,9778,7209,14467,11192,10292,4053,6215,16389,5910,5205,6450,6233,5628,16569,14668,13280,12878,10393,7708,14876,8135,9388,14423,9868,5715,6096,13613,18536,4913,8957,13265,9343,15846,9473,8178,7973,6542,9551,15750,16262,9764,12040,10353,19769,20379,7898,5247,7232,5649,15336,17190,6263,1901,8268,14111,4052,2236,10005,15554,21168,8716,3863,12955,0,5387,7490
19051,8487,5584,12320,16748,10651,20824,9168,9136,4264,4018,11292,21719,26637,4698,10865,15656,4327,21497,8829,6766,5275,17345,8785,21579,10902,20261,5122,21767,17087,20800,21126,6274,22844,21183,11315,11374,8525,14275,26722,22031,5432,20475,20229,7020,17708,8472,17562,9694,13449,8250,11467,9720,2902,7977,9211,21269,14247,8974,11593,4670,17400,7498,6598,4748,4506,17948,8609,3651,11409,2957,10300,20167,11996,10607,16476,9001,11116,13686,10171,14054,17356,11904,10483,2932,16532,22974,7449,10993,17431,8074,17017,12009,13136,9852,9241,9151,19533,19196,9053,13855,13950,24207,24817,5291,9067,10165,7893,18254,21576,11031,6546,10304,12921,8278,7195,6311,18472,25606,10751,6936,10111,5626,0,12449
20768,10780,12950,2199,12843,18117,16694,9660,9503,11981,13396,11112,17635,22454,11257,18144,13520,11521,23073,17294,8279,7465,13443,4457,21415,12208,19434,9698,17584,14951,16670,16943,17135,18661,20356,1507,7443,18009,18530,22539,18354,9090,16345,16723,8758,17544,8838,17926,16973,18772,18501,10491,8824,10483,11610,10281,20576,15498,18182,12844,14376,16573,18309,17458,10931,13093,19455,8975,12371,1226,12739,5883,17700,17985,17297,13378,13459,9221,17941,10633,9643,16528,12017,2328,13262,16372,18791,10760,11322,13520,12836,18912,11210,1705,13757,9607,16430,16027,18368,16643,15106,11815,20024,20634,15064,8312,9734,11496,18091,17445,1942,6196,9861,17176,8014,6273,17171,18313,21423,10760,6893,17888,7820,12554,0
